entry_date,order_id,revenue,cost_energy,cost_material,cost_labor,profit
2024-01-08,ORD-1000,130500.0,52.28,34880.0,218.29,95349.43
2024-01-09,ORD-1001,146550.0,58.91,39541.04,245.25,106704.79
2024-01-08,ORD-1002,67950.0,27.28,18317.99,113.67,49491.05
2024-01-08,ORD-1003,98050.0,59.22,29776.82,246.07,67967.89
2024-01-07,ORD-1004,65400.0,26.48,17672.42,109.63,47591.46
2024-01-08,ORD-1005,56200.0,33.83,17067.2,141.16,38957.81
2024-01-08,ORD-1006,42850.0,25.83,13042.49,107.84,29673.84
2024-01-10,ORD-1007,53400.0,32.35,16287.43,134.12,36946.09
2024-01-08,ORD-1008,85550.0,51.92,26193.59,215.91,59088.57
2024-01-09,ORD-1009,75050.0,45.33,22926.99,188.84,51888.84
2024-01-10,ORD-1010,42900.0,26.04,13066.41,107.72,29699.83
2024-01-10,ORD-1011,114150.0,69.0,34824.03,286.82,78970.15
2024-01-10,ORD-1012,138750.0,55.93,37632.26,232.83,100828.99
2024-01-10,ORD-1013,118450.0,71.5,36192.66,297.98,81887.86
2024-01-10,ORD-1014,46250.0,28.04,14142.51,116.42,31963.03
2024-01-10,ORD-1015,77400.0,46.61,23588.55,195.04,53569.8
2024-01-11,ORD-1016,93600.0,37.77,25330.8,157.54,68073.88
2024-01-11,ORD-1017,46750.0,28.17,14180.4,117.32,32424.12
2024-01-12,ORD-1018,97650.0,39.2,26300.4,163.55,71146.86
2024-01-11,ORD-1019,109350.0,53.02,35713.6,221.37,73362.01
2024-01-12,ORD-1020,154950.0,62.69,41718.78,259.89,112908.64
2024-01-13,ORD-1021,56850.0,34.38,17292.13,143.26,39380.23
2024-01-13,ORD-1022,103200.0,41.67,27812.52,173.07,75172.73
2024-01-11,ORD-1023,136800.0,55.02,36922.13,229.7,99593.16
2024-01-11,ORD-1024,91200.0,55.22,27691.6,229.57,63223.62
2024-01-12,ORD-1025,64550.0,39.14,19630.51,162.35,44718.0
2024-01-14,ORD-1026,52850.0,31.92,16055.82,132.85,36629.41
2024-01-13,ORD-1027,71600.0,43.06,21766.24,179.97,49610.73
2024-01-12,ORD-1028,89700.0,36.15,24235.2,150.79,65277.85
2024-01-13,ORD-1029,129600.0,52.05,34898.69,217.11,94432.16
2024-01-14,ORD-1030,71600.0,43.18,21626.13,179.85,49750.84
2024-01-15,ORD-1031,44150.0,26.6,13333.86,110.94,30678.6
2024-01-13,ORD-1032,79800.0,32.04,21430.49,133.8,58203.67
2024-01-14,ORD-1033,120450.0,48.45,32266.13,202.23,87933.2
2024-01-14,ORD-1034,76150.0,45.96,22900.42,191.3,53012.32
2024-01-15,ORD-1035,93900.0,56.58,28254.35,235.94,65353.13
2024-01-14,ORD-1036,45000.0,27.4,13587.28,113.62,31271.69
2024-01-17,ORD-1037,46450.0,28.08,14009.36,116.9,32295.66
2024-01-16,ORD-1038,69750.0,42.0,21059.13,175.5,48473.36
2024-01-17,ORD-1039,117450.0,71.02,35474.34,296.09,81608.55
2024-01-16,ORD-1040,118200.0,47.72,31746.53,198.48,86207.27
2024-01-15,ORD-1041,111000.0,44.82,29822.5,186.43,80946.25
2024-01-16,ORD-1042,90350.0,54.53,27419.18,227.19,62649.1
2024-01-17,ORD-1043,118300.0,71.33,35862.84,297.16,82068.67
2024-01-17,ORD-1044,117450.0,47.3,31716.67,196.88,85489.15
2024-01-19,ORD-1045,60100.0,36.31,18254.62,151.17,41657.9
2024-01-19,ORD-1046,53350.0,32.2,16165.78,133.84,37018.18
2024-01-17,ORD-1047,172050.0,69.28,46418.6,289.22,125272.9
2024-01-19,ORD-1048,101550.0,40.72,27255.6,170.27,74083.4
2024-01-19,ORD-1049,75450.0,30.46,20341.2,126.98,54951.36
2024-01-20,ORD-1050,74550.0,30.02,20019.6,125.17,54375.21
2024-01-20,ORD-1051,100050.0,40.24,26893.8,168.09,72947.87
2024-01-20,ORD-1052,40550.0,24.59,12309.11,101.94,28114.36
2024-01-21,ORD-1053,98700.0,39.93,26679.84,165.76,71814.48
2024-01-21,ORD-1054,68650.0,41.5,20919.42,173.02,47516.07
2024-01-21,ORD-1055,145950.0,58.79,39453.82,245.03,106192.36
2024-01-22,ORD-1056,105500.0,63.62,31972.46,265.22,73198.7
2024-01-22,ORD-1057,91850.0,55.33,27875.75,231.37,63687.55
2024-01-20,ORD-1058,176250.0,71.23,47568.16,296.88,128313.73
2024-01-21,ORD-1059,108200.0,65.42,32908.84,272.84,74952.9
2024-01-23,ORD-1060,115200.0,69.65,35027.11,290.61,79812.64
2024-01-22,ORD-1061,99950.0,69.51,35062.33,289.9,64528.25
2024-01-23,ORD-1062,75750.0,30.51,20480.86,127.22,55111.41
2024-01-24,ORD-1063,100000.0,60.47,30508.78,252.5,69178.25
2024-01-23,ORD-1064,105900.0,42.64,28657.01,178.15,77022.2
2024-01-25,ORD-1065,53550.0,32.5,16433.57,135.33,36948.6
2024-01-24,ORD-1066,65250.0,39.22,19939.81,164.07,45106.91
2024-01-25,ORD-1067,56700.0,34.31,17378.73,143.07,39143.89
2024-01-25,ORD-1068,165300.0,66.66,45084.0,277.55,119871.79
2024-01-24,ORD-1069,110850.0,45.01,30355.2,186.99,80262.8
2024-01-24,ORD-1070,124050.0,49.92,33782.4,208.4,90009.29
2024-01-26,ORD-1071,86550.0,34.74,23600.9,145.44,62768.92
2024-01-25,ORD-1072,78950.0,56.35,28602.82,234.53,50056.31
2024-01-25,ORD-1073,73650.0,44.61,22692.38,186.21,50726.8
2024-01-26,ORD-1074,107100.0,42.88,29154.05,179.16,77723.91
2024-01-28,ORD-1075,104400.0,42.09,28284.34,175.63,75897.94
2024-01-28,ORD-1076,126000.0,50.63,33989.76,211.3,91748.31
2024-01-27,ORD-1077,69000.0,27.68,18613.44,115.38,50243.51
2024-01-26,ORD-1078,55100.0,39.19,19756.55,163.47,35140.8
2024-01-27,ORD-1079,123150.0,49.74,33421.44,207.57,89471.25
2024-01-28,ORD-1080,68200.0,41.13,20807.28,171.69,47179.9
2024-01-28,ORD-1081,86100.0,34.65,23180.54,144.92,62739.88
2024-01-28,ORD-1082,90600.0,36.59,24387.86,152.71,66022.84
2024-01-28,ORD-1083,126750.0,50.97,34126.91,213.52,92358.61
2024-01-29,ORD-1084,49000.0,29.6,14850.04,123.55,33996.82
2024-01-31,ORD-1085,70350.0,28.31,18861.12,118.55,51342.02
2024-01-30,ORD-1086,78100.0,47.12,23466.51,196.82,54389.55
2024-01-29,ORD-1087,106200.0,42.52,28411.56,178.44,77567.49
2024-01-30,ORD-1088,77050.0,46.42,23151.83,194.1,53657.65
2024-02-01,ORD-1089,107450.0,65.03,32377.32,271.68,74735.97
2024-02-01,ORD-1090,78900.0,31.67,21025.27,132.21,57710.85
2024-01-30,ORD-1091,116850.0,70.51,35150.38,294.31,81334.8
2024-01-30,ORD-1092,95550.0,44.98,29859.08,187.95,65457.98
2024-01-30,ORD-1093,113400.0,45.54,30338.75,191.17,82824.55
2024-01-31,ORD-1094,82450.0,49.73,24996.49,208.14,57195.64
2024-02-01,ORD-1095,70300.0,42.46,21237.96,176.82,48842.76
2024-02-02,ORD-1096,140250.0,56.4,37675.87,235.72,102282.01
2024-02-03,ORD-1097,105900.0,42.61,28427.62,178.15,77251.63
2024-02-03,ORD-1098,98100.0,39.54,26379.86,165.14,71515.46
2024-02-03,ORD-1099,48400.0,29.22,14635.4,122.22,33613.16
2024-02-01,ORD-1100,61800.0,24.85,16542.62,103.47,45129.06
2024-02-04,ORD-1101,157800.0,63.47,42444.76,265.54,115026.23
2024-02-02,ORD-1102,84900.0,34.47,22932.24,143.58,61789.71
2024-02-04,ORD-1103,160050.0,64.59,43048.24,269.81,116667.36
2024-02-02,ORD-1104,35900.0,26.45,13336.91,111.03,22425.61
2024-02-03,ORD-1105,102700.0,61.89,31079.22,258.91,71299.98
2024-02-03,ORD-1106,166050.0,66.89,44840.84,280.24,120862.03
2024-02-05,ORD-1107,117000.0,70.68,35440.35,295.38,81193.6
2024-02-03,ORD-1108,110850.0,44.92,29800.06,186.5,80818.52
2024-02-04,ORD-1109,56000.0,33.64,16851.15,141.45,38973.76
2024-02-04,ORD-1110,91100.0,54.8,27297.07,229.12,63519.01
2024-02-05,ORD-1111,113550.0,45.65,30290.17,190.88,83023.3
2024-02-04,ORD-1112,93750.0,37.6,25022.32,157.53,68532.55
2024-02-04,ORD-1113,62700.0,37.87,18856.53,158.53,43647.07
2024-02-06,ORD-1114,64450.0,38.78,19185.53,162.25,45063.45
2024-02-07,ORD-1115,125700.0,50.46,33314.4,211.21,92123.94
2024-02-05,ORD-1116,93450.0,37.59,24866.82,157.65,68387.95
2024-02-05,ORD-1117,162300.0,65.2,43031.1,272.66,118931.04
2024-02-07,ORD-1118,55850.0,33.71,16739.12,141.22,38935.95
2024-02-08,ORD-1119,139500.0,55.99,37078.69,234.5,102130.82
2024-02-06,ORD-1120,96300.0,38.66,25541.33,161.87,70558.14
2024-02-09,ORD-1121,58550.0,35.29,17288.17,147.35,41079.2
2024-02-07,ORD-1122,148200.0,59.46,39021.31,249.63,108869.6
2024-02-09,ORD-1123,42100.0,25.4,12431.12,106.36,29537.12
2024-02-08,ORD-1124,143100.0,57.42,37459.9,240.36,105342.32
2024-02-10,ORD-1125,83150.0,50.38,24568.37,210.26,58321.0
2024-02-08,ORD-1126,83700.0,50.44,24685.92,211.59,58752.05
2024-02-11,ORD-1127,150450.0,60.47,39243.24,253.59,110892.69
2024-02-11,ORD-1128,51500.0,31.2,15140.86,130.0,36197.94
2024-02-11,ORD-1129,60500.0,36.47,17798.22,152.55,42512.76
2024-02-12,ORD-1130,108000.0,43.51,28312.68,181.92,79461.89
2024-02-11,ORD-1131,88350.0,35.62,23182.72,149.28,64982.38
2024-02-11,ORD-1132,98100.0,59.42,29017.56,248.68,68774.34
2024-02-11,ORD-1133,46400.0,28.15,13585.9,117.1,32668.85
2024-02-13,ORD-1134,147450.0,59.04,38332.7,247.61,108810.65
2024-02-14,ORD-1135,115500.0,69.5,33645.05,291.39,81494.06
2024-02-12,ORD-1136,90150.0,54.49,26392.84,228.73,63473.94
2024-02-12,ORD-1137,92650.0,55.96,27090.44,234.76,65268.84
2024-02-13,ORD-1138,175050.0,70.48,45611.28,294.59,129073.65
2024-02-16,ORD-1139,119250.0,47.87,30901.75,200.78,88099.6
2024-02-14,ORD-1140,88050.0,35.54,22847.16,148.84,65018.45
2024-02-14,ORD-1141,98250.0,59.38,28752.57,249.58,69188.47
2024-02-14,ORD-1142,43400.0,26.12,12633.71,109.55,30630.62
2024-02-15,ORD-1143,123300.0,49.9,31908.58,208.32,91133.2
2024-02-16,ORD-1144,111750.0,44.71,28819.26,188.2,82697.83
2024-02-16,ORD-1145,89150.0,53.64,25810.02,224.48,63061.86
2024-02-15,ORD-1146,87200.0,52.56,25347.06,220.67,61579.71
2024-02-15,ORD-1147,103300.0,71.92,34577.33,300.9,68349.85
2024-02-18,ORD-1148,103050.0,41.27,26762.77,173.17,76072.78
2024-02-17,ORD-1149,152100.0,61.08,39540.34,256.29,112242.29
2024-02-17,ORD-1150,65100.0,26.28,16984.82,110.15,47978.76
2024-02-19,ORD-1151,56000.0,33.73,16217.63,141.63,39607.0
2024-02-18,ORD-1152,43400.0,26.22,12581.65,109.97,30682.16
2024-02-18,ORD-1153,114500.0,68.95,33185.55,289.8,80955.7
2024-02-18,ORD-1154,78350.0,47.15,22724.89,198.31,55379.65
2024-02-19,ORD-1155,74300.0,44.75,21512.89,187.66,52554.7
2024-02-18,ORD-1156,132600.0,53.4,34319.42,223.78,98003.4
2024-02-18,ORD-1157,53550.0,24.92,16000.27,104.39,37420.42
2024-02-20,ORD-1158,56750.0,34.23,16464.05,143.18,40108.55
2024-02-18,ORD-1159,62100.0,25.04,16000.27,104.27,45970.42
2024-02-19,ORD-1160,76700.0,46.42,22391.69,194.55,54067.34
2024-02-18,ORD-1161,88350.0,35.4,22802.32,148.82,65363.46
2024-02-19,ORD-1162,116300.0,70.54,34025.94,295.01,81908.52
2024-02-19,ORD-1163,48250.0,29.12,14075.69,121.88,34023.31
2024-02-21,ORD-1164,98200.0,59.33,28674.85,248.71,69217.11
2024-02-20,ORD-1165,49900.0,35.24,17101.82,147.73,32615.21
2024-02-20,ORD-1166,63250.0,38.19,18517.25,160.12,44534.45
2024-02-20,ORD-1167,173850.0,70.35,45332.48,294.13,128153.04
2024-02-22,ORD-1168,95350.0,57.39,27899.9,241.08,67151.62
2024-02-22,ORD-1169,48750.0,29.41,14367.78,123.6,34229.21
2024-02-22,ORD-1170,74700.0,45.11,21845.25,188.97,52620.66
2024-02-22,ORD-1171,95550.0,38.44,24816.2,161.28,70534.08
2024-02-24,ORD-1172,109150.0,65.88,31894.06,276.13,76913.93
2024-02-24,ORD-1173,47950.0,28.89,14010.09,121.3,33789.73
2024-02-23,ORD-1174,60400.0,36.54,17650.96,152.98,42559.52
2024-02-23,ORD-1175,120300.0,48.42,31127.66,203.07,88920.85
2024-02-25,ORD-1176,78350.0,47.38,22866.64,198.55,55237.44
2024-02-23,ORD-1177,92950.0,56.13,27120.56,235.39,65537.92
2024-02-26,ORD-1178,71700.0,43.3,21036.78,181.95,50437.97
2024-02-24,ORD-1179,144300.0,58.06,37476.46,243.34,106522.13
2024-02-24,ORD-1180,100800.0,60.71,29521.46,255.21,70962.61
2024-02-25,ORD-1181,92400.0,37.14,24025.37,156.05,68181.44
2024-02-25,ORD-1182,59300.0,35.77,17415.12,150.3,41698.81
2024-02-26,ORD-1183,108450.0,43.64,28284.96,183.61,79937.79
2024-02-27,ORD-1184,111150.0,44.82,28986.24,187.98,81930.96
2024-02-25,ORD-1185,39600.0,28.03,13558.08,117.17,25896.72
2024-02-25,ORD-1186,138750.0,55.83,36154.88,234.03,102305.26
2024-02-26,ORD-1187,63850.0,38.29,18562.31,161.2,45088.2
2024-02-27,ORD-1188,34250.0,24.6,11881.04,103.22,22241.15
2024-02-27,ORD-1189,91300.0,55.04,26777.14,231.51,64236.31
2024-02-29,ORD-1190,66450.0,26.77,17345.83,112.49,48964.91
2024-02-27,ORD-1191,40950.0,24.83,11959.29,103.53,28862.35
2024-02-29,ORD-1192,44300.0,26.79,12921.87,111.8,31239.55
2024-02-28,ORD-1193,88800.0,35.66,23101.85,149.8,65512.69
2024-02-29,ORD-1194,127650.0,51.53,33135.98,215.64,94246.85
2024-02-28,ORD-1195,153450.0,61.73,39893.0,259.37,113235.9
2024-02-28,ORD-1196,51650.0,31.42,15178.8,131.32,36308.45
2024-02-29,ORD-1197,174300.0,70.04,45341.8,294.09,128594.08
2024-02-28,ORD-1198,142050.0,57.22,37051.84,240.51,104700.44
2024-02-29,ORD-1199,69250.0,41.8,20032.85,175.21,49000.14
2024-02-29,ORD-1200,99700.0,60.04,28845.0,252.67,70542.29
2024-03-02,ORD-1201,44600.0,26.83,12880.31,112.99,31579.87
2024-03-02,ORD-1202,90150.0,36.39,23167.26,152.44,66793.91
2024-03-03,ORD-1203,89550.0,53.95,25875.87,226.77,63393.41
2024-03-03,ORD-1204,99850.0,60.33,28887.04,253.2,70649.43
2024-03-02,ORD-1205,62700.0,25.51,16195.2,106.44,46372.86
2024-03-02,ORD-1206,67450.0,40.94,19607.76,171.4,47629.91
2024-03-02,ORD-1207,116850.0,70.46,33908.7,296.0,82574.84
2024-03-04,ORD-1208,86900.0,60.04,28862.16,252.22,57725.58
2024-03-04,ORD-1209,148800.0,59.91,38541.22,251.78,109947.09
2024-03-04,ORD-1210,117300.0,47.42,30415.06,198.93,86638.59
2024-03-03,ORD-1211,94500.0,38.07,24494.57,159.94,69807.42
2024-03-04,ORD-1212,83900.0,50.62,24694.6,213.36,58941.43
2024-03-04,ORD-1213,108900.0,43.8,28439.75,184.48,80231.98
2024-03-06,ORD-1214,90600.0,36.36,23641.27,153.23,66769.14
2024-03-05,ORD-1215,132600.0,53.49,34642.66,224.44,97679.42
2024-03-05,ORD-1216,76500.0,30.75,20029.44,129.43,56310.38
2024-03-05,ORD-1217,50750.0,30.58,14934.06,128.6,35656.75
2024-03-07,ORD-1218,101150.0,61.02,29780.1,256.4,71052.48
2024-03-08,ORD-1219,81250.0,49.11,23838.62,206.51,57155.75
2024-03-07,ORD-1220,95700.0,67.13,32573.61,281.99,62777.27
2024-03-08,ORD-1221,132750.0,53.62,34589.38,225.2,97881.8
2024-03-08,ORD-1222,53100.0,27.27,16480.8,106.51,36485.42
2024-03-09,ORD-1223,117100.0,76.01,34653.82,297.72,82072.44
2024-03-10,ORD-1224,94500.0,57.06,27854.14,239.58,66349.22
2024-03-08,ORD-1225,78150.0,31.59,20528.22,132.58,57457.61
2024-03-08,ORD-1226,75900.0,30.52,19901.41,128.72,55839.35
2024-03-10,ORD-1227,139950.0,58.26,36702.43,236.59,102952.71
2024-03-09,ORD-1228,125100.0,52.11,32781.23,211.77,92054.88
2024-03-11,ORD-1229,69000.0,28.87,18115.94,116.97,50738.21
2024-03-11,ORD-1230,54000.0,33.79,15939.68,136.99,37889.54
2024-03-09,ORD-1231,55500.0,34.78,16380.81,140.72,38943.69
2024-03-12,ORD-1232,140100.0,56.32,36545.18,236.5,103262.0
2024-03-12,ORD-1233,116700.0,55.07,35764.3,232.27,80648.36
2024-03-11,ORD-1234,79750.0,48.2,23426.4,202.37,56073.04
2024-03-12,ORD-1235,68400.0,27.72,17960.24,116.47,50295.57
2024-03-11,ORD-1236,81750.0,32.93,21451.25,138.15,60127.68
2024-03-13,ORD-1237,99750.0,40.39,26283.67,169.61,73256.33
2024-03-13,ORD-1238,164700.0,66.3,43216.8,278.5,121138.4
2024-03-14,ORD-1239,169650.0,78.89,44773.48,288.08,124509.55
2024-03-16,ORD-1240,42450.0,30.84,12699.83,108.18,29611.15
2024-03-16,ORD-1241,133650.0,64.0,35373.15,225.83,97987.01
2024-03-17,ORD-1242,79150.0,53.58,23511.33,201.12,55383.97
2024-03-17,ORD-1243,116550.0,52.72,30756.96,197.71,85542.61
2024-03-16,ORD-1244,111100.0,75.13,32975.01,281.89,77767.97
2024-03-16,ORD-1245,61450.0,44.83,18171.34,156.0,43077.83
2024-03-17,ORD-1246,133650.0,65.01,35055.6,226.5,98302.89
2024-03-16,ORD-1247,51900.0,38.15,15415.43,132.5,36313.92
2024-03-16,ORD-1248,82800.0,60.47,24464.25,210.1,58065.18
2024-03-18,ORD-1249,79350.0,38.75,20907.6,134.68,58268.97
2024-03-16,ORD-1250,86400.0,42.15,22715.4,146.45,63496.0
2024-03-17,ORD-1251,71400.0,51.69,21670.0,139.3,49539.02
2024-03-19,ORD-1252,42350.0,45.46,14361.3,123.05,27820.19
2024-03-18,ORD-1253,62700.0,58.82,18572.17,159.31,43909.69
2024-03-18,ORD-1254,104650.0,86.84,31189.78,266.68,73106.69
2024-03-20,ORD-1255,42300.0,34.97,12564.82,107.41,29592.8
2024-03-21,ORD-1256,100650.0,56.14,26517.12,170.11,73906.63
2024-03-20,ORD-1257,132600.0,74.41,35040.48,225.43,97259.68
2024-03-22,ORD-1258,166650.0,112.34,43783.82,283.07,122470.76
2024-03-20,ORD-1259,171150.0,114.55,44961.86,290.33,125783.25
2024-03-21,ORD-1260,66150.0,44.25,17356.46,112.01,48637.29
2024-03-22,ORD-1261,114450.0,81.18,33894.85,290.67,80183.3
2024-03-24,ORD-1262,46550.0,41.14,13822.27,118.26,32568.33
2024-03-25,ORD-1263,91200.0,53.36,24033.58,154.87,66958.2
2024-03-25,ORD-1264,152550.0,89.58,40253.28,259.13,111948.01
2024-03-23,ORD-1265,53800.0,47.39,16012.52,137.08,37603.01
2024-03-24,ORD-1266,110800.0,81.58,33373.06,282.77,77062.58
2024-03-25,ORD-1267,153600.0,75.09,40905.7,260.68,112358.53
2024-03-25,ORD-1268,152550.0,128.13,40249.2,258.64,111914.03
2024-03-25,ORD-1269,94950.0,119.51,28233.63,241.77,66355.09
2024-03-25,ORD-1270,49900.0,62.77,14856.69,127.11,34853.43
2024-03-25,ORD-1271,111600.0,93.68,29358.24,188.89,81959.19
2024-03-27,ORD-1272,112750.0,127.7,33360.05,287.13,78975.12
2024-03-28,ORD-1273,148650.0,112.29,39118.9,253.29,109165.52
2024-03-27,ORD-1274,82850.0,93.72,24508.22,211.12,58036.94
2024-03-28,ORD-1275,57100.0,64.29,16819.95,144.8,40070.96
2024-03-27,ORD-1276,169650.0,108.65,44573.72,288.46,124679.17
2024-03-29,ORD-1277,155550.0,99.52,40842.88,264.23,114343.37
2024-03-29,ORD-1278,178800.0,114.1,46930.04,302.77,131453.09
2024-03-28,ORD-1279,60600.0,53.1,18580.04,119.53,41847.33
2024-03-30,ORD-1280,74000.0,83.35,21969.91,188.06,51758.68
2024-03-31,ORD-1281,56850.0,70.01,17047.78,144.76,39587.45
2024-03-31,ORD-1282,66300.0,54.52,17674.75,112.92,48457.81
2024-03-29,ORD-1283,56800.0,69.56,17017.92,144.49,39568.03
2024-03-31,ORD-1284,121350.0,99.68,32324.1,206.66,88719.56
2024-03-31,ORD-1285,81350.0,95.39,24404.11,207.36,56643.13
2024-03-30,ORD-1286,47200.0,55.48,14175.92,120.35,32848.26
2024-04-01,ORD-1287,62150.0,73.17,18661.97,158.21,43256.66
2024-03-31,ORD-1288,126150.0,98.4,33655.34,213.99,92182.27
2024-04-01,ORD-1289,86950.0,109.97,25929.79,221.28,60688.95
2024-04-01,ORD-1290,131700.0,111.46,34890.24,223.92,96474.38
2024-04-01,ORD-1291,134850.0,114.29,35683.2,228.59,98823.92
2024-04-02,ORD-1292,101550.0,85.95,26881.34,171.97,74410.74
2024-04-03,ORD-1293,105900.0,115.28,28011.31,179.87,77593.54
2024-04-02,ORD-1294,88450.0,144.89,26349.62,225.3,61730.19
2024-04-02,ORD-1295,78050.0,127.7,23233.96,198.5,54489.84
2024-04-02,ORD-1296,73800.0,80.43,19544.62,125.58,54049.38
2024-04-04,ORD-1297,177900.0,169.73,46943.12,302.96,130484.18
2024-04-02,ORD-1298,81300.0,116.11,24142.18,207.1,56834.61
2024-04-03,ORD-1299,97350.0,92.74,25680.65,165.56,71411.05
2024-04-02,ORD-1300,97350.0,139.4,28994.28,248.68,67967.64
2024-04-05,ORD-1301,72500.0,103.99,21571.83,184.57,50639.61
2024-04-03,ORD-1302,90900.0,87.26,24077.42,154.79,66580.53
2024-04-05,ORD-1303,67100.0,96.26,19970.62,170.92,46862.19
2024-04-05,ORD-1304,97500.0,93.3,25737.94,165.56,71503.21
2024-04-05,ORD-1305,91800.0,88.19,24164.21,155.82,67391.79
2024-04-06,ORD-1306,111450.0,107.08,29376.1,189.02,81777.8
2024-04-05,ORD-1307,88150.0,127.03,26237.12,225.23,61560.62
2024-04-06,ORD-1308,50900.0,81.95,15247.98,129.5,35440.58
2024-04-07,ORD-1309,115800.0,124.48,30974.33,197.46,84503.73
2024-04-07,ORD-1310,62050.0,99.92,18656.35,158.44,43135.29
2024-04-07,ORD-1311,52050.0,83.94,15606.76,132.6,36226.7
2024-04-07,ORD-1312,88750.0,143.05,26669.02,226.53,61711.41
2024-04-07,ORD-1313,177300.0,190.63,47788.68,300.83,129019.86
2024-04-07,ORD-1314,118800.0,191.55,36068.35,302.82,82237.28
2024-04-07,ORD-1315,46850.0,75.78,14215.62,119.34,32439.26
2024-04-09,ORD-1316,41350.0,63.63,12523.45,105.45,28657.47
2024-04-08,ORD-1317,92400.0,94.89,24865.85,157.59,67281.68
2024-04-08,ORD-1318,147450.0,151.24,39753.17,251.03,107294.56
2024-04-09,ORD-1319,40500.0,62.42,12282.04,103.48,28052.07
2024-04-08,ORD-1320,43900.0,67.71,13338.23,112.39,30381.67
2024-04-09,ORD-1321,74150.0,113.3,22406.42,188.53,51441.75
2024-04-09,ORD-1322,148050.0,174.41,39898.24,252.2,107725.16
2024-04-11,ORD-1323,133650.0,157.09,36126.72,227.51,97138.68
2024-04-11,ORD-1324,35050.0,74.84,12821.76,107.83,22045.57
2024-04-10,ORD-1325,91350.0,107.93,24675.84,156.06,66410.18
2024-04-11,ORD-1326,83700.0,98.75,22579.2,142.31,60879.74
2024-04-10,ORD-1327,82350.0,145.5,25038.72,210.48,56955.3
2024-04-11,ORD-1328,63600.0,92.74,20807.02,131.53,42568.71
2024-04-11,ORD-1329,113000.0,203.97,34193.01,288.4,78314.62
2024-04-11,ORD-1330,76950.0,92.14,20646.35,130.61,56080.9
2024-04-12,ORD-1331,66650.0,120.96,20244.67,170.86,46113.51
2024-04-11,ORD-1332,119000.0,214.76,36000.57,303.81,82480.85
2024-04-11,ORD-1333,98300.0,178.6,29463.91,249.86,68407.63
2024-04-13,ORD-1334,115250.0,210.93,34659.02,294.16,80085.88
2024-04-13,ORD-1335,115250.0,210.47,34659.02,294.38,80086.12
2024-04-12,ORD-1336,128400.0,164.39,34444.72,219.39,93571.49
2024-04-12,ORD-1337,64450.0,143.97,22664.43,191.76,41449.85
2024-04-13,ORD-1338,82900.0,158.6,24992.45,211.38,57537.57
2024-04-14,ORD-1339,73950.0,94.47,19785.69,125.74,53944.1
2024-04-14,ORD-1340,85000.0,154.31,25654.57,216.58,58974.54
2024-04-15,ORD-1341,112650.0,136.6,30231.44,191.65,82090.31
2024-04-13,ORD-1342,56750.0,103.44,17163.27,145.01,39338.28
2024-04-14,ORD-1343,140550.0,170.75,37739.12,239.56,102400.57
2024-04-14,ORD-1344,78500.0,142.98,23712.41,200.25,54444.36
2024-04-15,ORD-1345,49850.0,98.2,15028.5,127.27,34596.03
2024-04-14,ORD-1346,145800.0,191.45,39114.18,248.23,106246.14
2024-04-16,ORD-1347,118150.0,232.51,35617.55,301.66,81998.28
2024-04-17,ORD-1348,70700.0,144.97,21299.47,179.91,49075.65
2024-04-17,ORD-1349,91500.0,188.26,27617.11,233.35,63461.28
2024-04-16,ORD-1350,74900.0,154.72,22608.13,191.16,51946.0
2024-04-17,ORD-1351,80600.0,168.98,24290.9,205.53,55934.59
2024-04-18,ORD-1352,52550.0,110.38,15873.26,134.39,36431.96
2024-04-18,ORD-1353,47450.0,99.67,14279.92,120.9,32949.51
2024-04-18,ORD-1354,41900.0,88.0,12656.52,107.2,29048.28
2024-04-17,ORD-1355,108150.0,151.28,28980.73,184.25,78833.74
2024-04-17,ORD-1356,94500.0,132.46,25252.92,160.59,68954.03
2024-04-18,ORD-1357,64350.0,93.38,17267.08,109.52,46880.02
2024-04-18,ORD-1358,69650.0,152.54,21096.96,178.22,48222.29
2024-04-19,ORD-1359,58050.0,127.22,17497.98,147.92,40276.88
2024-04-18,ORD-1360,104900.0,177.06,31717.09,268.07,72737.78
2024-04-18,ORD-1361,92250.0,156.2,27965.28,235.99,63892.53
2024-04-19,ORD-1362,125100.0,140.56,33590.48,212.73,91156.23
2024-04-20,ORD-1363,113350.0,229.93,34486.72,289.42,78343.93
2024-04-19,ORD-1364,138750.0,187.88,37513.47,235.99,100812.65
2024-04-21,ORD-1365,46150.0,93.68,14037.23,117.88,31901.21
2024-04-21,ORD-1366,128250.0,169.58,34698.82,217.88,93163.72
2024-04-20,ORD-1367,51600.0,102.91,15809.04,132.48,35555.57
2024-04-23,ORD-1368,113250.0,150.89,30611.99,193.49,82293.63
2024-04-21,ORD-1369,52500.0,104.89,15971.47,134.52,36289.12
2024-04-23,ORD-1370,52350.0,117.55,18058.65,152.12,34021.68
2024-04-22,ORD-1371,70050.0,93.59,18956.04,120.03,50880.34
2024-04-21,ORD-1372,99300.0,196.8,30067.51,252.96,68782.73
2024-04-22,ORD-1373,113550.0,174.94,30548.23,193.49,82633.34
2024-04-22,ORD-1374,70450.0,162.94,21371.69,180.25,48735.12
2024-04-23,ORD-1375,60500.0,140.39,18383.27,155.25,41821.09
2024-04-23,ORD-1376,104250.0,240.81,31619.83,266.53,72122.83
2024-04-24,ORD-1377,42950.0,84.4,13077.94,109.95,29677.71
2024-04-23,ORD-1378,117100.0,229.9,35570.77,299.06,81000.27
2024-04-25,ORD-1379,86450.0,169.76,26276.96,221.25,59782.03
2024-04-23,ORD-1380,99550.0,196.23,30273.0,254.92,68825.84
2024-04-24,ORD-1381,109000.0,237.4,33155.51,278.75,75328.34
2024-04-25,ORD-1382,69600.0,152.39,21165.02,178.2,48104.39
2024-04-26,ORD-1383,141150.0,205.83,38272.66,241.55,102429.97
2024-04-26,ORD-1384,48550.0,116.79,14803.97,124.38,33504.86
2024-04-25,ORD-1385,156300.0,250.04,42268.16,266.44,113515.36
2024-04-26,ORD-1386,118100.0,283.79,36024.0,302.63,81489.58
2024-04-25,ORD-1387,92750.0,222.8,28273.15,237.25,64016.81
2024-04-27,ORD-1388,122250.0,182.89,33018.62,208.24,88840.25
2024-04-26,ORD-1389,159300.0,239.7,43094.16,271.85,115694.29
2024-04-26,ORD-1390,100500.0,151.11,27191.81,171.58,72985.5
2024-04-27,ORD-1391,58150.0,130.84,17662.54,148.22,40208.4
2024-04-29,ORD-1392,139200.0,232.77,37734.82,238.16,100994.25
2024-04-27,ORD-1393,46500.0,117.53,14211.29,119.39,32051.79
2024-04-29,ORD-1394,82900.0,206.15,25203.78,211.66,57278.41
2024-04-28,ORD-1395,139500.0,271.0,43929.48,277.37,95022.15
2024-04-29,ORD-1396,62650.0,156.36,19085.03,160.04,43248.57
2024-04-28,ORD-1397,70200.0,122.37,19065.08,119.85,50892.7
2024-04-29,ORD-1398,51350.0,128.6,15671.35,131.12,35418.94
2024-04-29,ORD-1399,132300.0,222.6,35936.37,226.04,95914.98
2024-04-30,ORD-1400,115950.0,196.07,31586.6,198.39,83968.93
2024-04-30,ORD-1401,130050.0,254.45,41058.52,257.38,88479.66
2024-05-01,ORD-1402,155700.0,272.73,42506.88,265.88,112654.51
2024-04-30,ORD-1403,74100.0,130.4,20272.51,126.83,53570.27
2024-04-30,ORD-1404,68100.0,118.9,18637.63,116.39,49227.08
2024-05-01,ORD-1405,114800.0,302.53,35405.37,294.21,78797.89
2024-05-02,ORD-1406,143250.0,250.8,39073.63,243.83,103681.74
2024-05-01,ORD-1407,95850.0,282.69,29333.3,245.12,65988.88
2024-05-01,ORD-1408,156900.0,309.69,42688.8,268.68,113632.83
2024-05-02,ORD-1409,73350.0,217.53,22503.1,188.16,50441.21
2024-05-02,ORD-1410,133650.0,225.99,36432.85,227.33,96763.83
2024-05-02,ORD-1411,46950.0,119.53,14458.78,120.48,32251.22
2024-05-03,ORD-1412,119850.0,202.58,32675.2,203.89,86768.33
2024-05-04,ORD-1413,166350.0,266.22,45478.62,285.3,120319.86
2024-05-05,ORD-1414,148050.0,235.75,40298.54,252.47,107263.24
2024-05-05,ORD-1415,73500.0,125.9,19862.64,125.18,53386.28
2024-05-05,ORD-1416,66250.0,170.05,20202.13,169.46,45708.37
2024-05-05,ORD-1417,124500.0,213.29,33725.95,212.87,90347.88
2024-05-05,ORD-1418,95850.0,164.16,25902.5,163.46,69619.88
2024-05-06,ORD-1419,79700.0,240.6,28517.08,239.29,50703.03
2024-05-06,ORD-1420,86300.0,238.35,26528.18,221.15,59312.32
2024-05-06,ORD-1421,48600.0,135.27,15010.17,125.14,33329.42
2024-05-06,ORD-1422,108550.0,299.62,33389.97,277.91,74582.5
2024-05-06,ORD-1423,117300.0,321.89,36070.36,300.43,80607.32
2024-05-07,ORD-1424,50750.0,130.38,15662.44,130.01,34827.17
2024-05-06,ORD-1425,128700.0,219.86,35284.08,219.94,92976.11
2024-05-08,ORD-1426,112500.0,192.58,30894.08,192.35,81220.98
2024-05-08,ORD-1427,94500.0,178.85,25908.12,161.23,68251.8
2024-05-09,ORD-1428,113700.0,214.84,31213.12,193.55,82078.5
2024-05-09,ORD-1429,96600.0,184.05,26648.35,165.7,69601.91
2024-05-09,ORD-1430,107000.0,304.06,33156.22,274.52,73265.2
2024-05-08,ORD-1431,85850.0,244.4,26586.67,220.12,58798.82
2024-05-08,ORD-1432,144150.0,249.04,39458.45,246.88,104195.63
2024-05-09,ORD-1433,138450.0,240.4,37984.9,237.74,99986.97
2024-05-10,ORD-1434,109500.0,188.88,29962.22,187.07,79161.83
2024-05-11,ORD-1435,107150.0,278.06,32688.6,274.64,73908.7
2024-05-11,ORD-1436,79850.0,207.97,24387.22,205.03,55049.79
2024-05-09,ORD-1437,131550.0,226.88,35678.72,224.82,95419.57
2024-05-10,ORD-1438,160950.0,278.33,43584.8,275.22,116811.64
2024-05-11,ORD-1439,79350.0,137.35,21488.32,135.3,57589.02
2024-05-12,ORD-1440,163950.0,294.04,44369.4,280.43,119006.13
2024-05-12,ORD-1441,67400.0,181.28,20558.83,172.78,46487.11
2024-05-13,ORD-1442,77650.0,225.81,23683.14,199.38,53541.67
2024-05-12,ORD-1443,130950.0,253.19,35463.98,224.09,95008.73
2024-05-13,ORD-1444,57050.0,166.7,17458.72,146.98,39277.6
2024-05-12,ORD-1445,84700.0,221.88,25805.38,217.85,58454.9
2024-05-13,ORD-1446,84000.0,220.02,25563.07,215.72,58001.19
2024-05-12,ORD-1447,128100.0,224.31,34568.7,219.25,93087.74
2024-05-12,ORD-1448,92000.0,240.68,27986.11,236.03,63537.18
2024-05-14,ORD-1449,79950.0,139.24,21565.06,136.76,58108.94
2024-05-13,ORD-1450,83250.0,168.68,22351.2,142.06,60588.06
2024-05-14,ORD-1451,71850.0,236.39,21822.31,184.63,49606.67
2024-05-14,ORD-1452,62550.0,163.53,19961.02,127.05,42298.39
2024-05-16,ORD-1453,80400.0,177.38,21731.76,137.99,58352.87
2024-05-15,ORD-1454,63150.0,207.95,19105.84,161.89,43674.32
2024-05-16,ORD-1455,87200.0,281.01,26145.97,224.05,60548.97
2024-05-15,ORD-1456,53300.0,171.52,15938.3,136.34,37053.84
2024-05-17,ORD-1457,98150.0,315.19,29429.14,251.94,68153.73
2024-05-16,ORD-1458,120000.0,257.86,31995.98,205.35,87540.81
2024-05-18,ORD-1459,71550.0,268.96,24900.12,214.61,46166.31
2024-05-16,ORD-1460,139650.0,299.54,36994.46,239.23,102116.77
2024-05-16,ORD-1461,70950.0,151.56,18734.38,121.27,51942.8
2024-05-19,ORD-1462,166950.0,393.14,44113.86,284.8,122158.2
2024-05-19,ORD-1463,123450.0,290.71,32600.74,211.04,90347.52
2024-05-17,ORD-1464,168750.0,398.79,44707.32,289.15,123354.73
2024-05-17,ORD-1465,41850.0,147.95,12462.66,107.35,29132.04
2024-05-20,ORD-1466,64050.0,137.82,16803.28,109.59,46999.3
2024-05-20,ORD-1467,90150.0,193.54,23673.78,154.5,66128.18
2024-05-20,ORD-1468,60950.0,196.31,18020.34,156.39,42576.96
2024-05-20,ORD-1469,89100.0,191.4,23398.96,152.3,65357.34
2024-05-19,ORD-1470,50800.0,168.84,15061.32,130.48,35439.36
2024-05-21,ORD-1471,139650.0,308.93,36698.43,238.24,102404.39
2024-05-19,ORD-1472,55250.0,184.18,16390.26,141.99,38533.57
2024-05-22,ORD-1473,111050.0,388.61,32760.93,285.47,77614.99
2024-05-20,ORD-1474,109800.0,255.75,28794.36,188.07,80561.82
2024-05-21,ORD-1475,82000.0,286.75,24152.0,210.47,57350.78
2024-05-21,ORD-1476,105900.0,246.94,27736.61,180.93,77735.53
2024-05-23,ORD-1477,64500.0,145.97,16932.67,110.48,47310.88
2024-05-21,ORD-1478,81750.0,185.04,21479.41,140.29,59945.26
2024-05-23,ORD-1479,112250.0,381.6,33145.12,288.57,78434.71
2024-05-22,ORD-1480,50550.0,171.18,14874.88,129.44,35374.5
2024-05-21,ORD-1481,116100.0,262.66,30455.29,198.95,85183.1
2024-05-24,ORD-1482,83700.0,190.02,21906.76,143.9,61459.32
2024-05-22,ORD-1483,93350.0,317.53,27480.9,240.53,65311.05
2024-05-24,ORD-1484,53500.0,192.87,15671.81,137.33,37498.0
2024-05-23,ORD-1485,44350.0,185.07,15146.5,132.94,28885.49
2024-05-23,ORD-1486,144300.0,345.65,37511.17,247.49,106195.69
2024-05-23,ORD-1487,163050.0,389.22,42414.08,279.31,119967.39
2024-05-25,ORD-1488,145650.0,368.88,37744.7,249.55,107286.87
2024-05-25,ORD-1489,51150.0,194.06,14911.49,131.07,35913.38
2024-05-25,ORD-1490,75700.0,338.01,25978.61,228.6,49154.79
2024-05-24,ORD-1491,57900.0,219.82,16891.92,148.38,40639.88
2024-05-25,ORD-1492,130050.0,329.01,33706.18,222.83,95791.98
2024-05-25,ORD-1493,120900.0,281.38,31182.34,206.87,89229.42
2024-05-27,ORD-1494,65250.0,228.14,18929.38,167.29,45925.19
2024-05-27,ORD-1495,76500.0,320.35,26512.7,234.62,49432.33
2024-05-28,ORD-1496,90350.0,307.58,26090.08,232.02,63720.32
2024-05-26,ORD-1497,96600.0,218.89,24765.42,165.54,71450.15
2024-05-26,ORD-1498,95250.0,215.63,24419.86,163.05,70451.46
2024-05-28,ORD-1499,76850.0,256.72,22109.97,197.48,54285.84
2024-05-28,ORD-1500,47000.0,156.47,13506.87,120.7,33215.97
2024-05-29,ORD-1501,119100.0,264.14,30397.62,203.42,88234.82
2024-05-28,ORD-1502,63050.0,209.77,18109.53,161.91,44568.79
2024-05-29,ORD-1503,135750.0,323.43,34841.78,233.05,100351.74
2024-05-28,ORD-1504,77400.0,184.56,19953.44,133.37,57128.63
2024-05-28,ORD-1505,126000.0,299.11,32385.97,216.01,93098.91
2024-05-30,ORD-1506,94050.0,264.24,28433.65,190.1,65162.0
2024-05-30,ORD-1507,65950.0,235.47,19038.71,169.69,46506.13
2024-05-31,ORD-1508,128250.0,304.76,32774.53,219.97,94950.74
2024-05-29,ORD-1509,160650.0,382.92,41159.6,276.19,118831.3
2024-05-30,ORD-1510,55450.0,188.13,15978.1,142.63,39141.14
2024-05-30,ORD-1511,83550.0,188.93,21342.38,143.04,61875.64
2024-05-30,ORD-1512,157650.0,357.21,40351.64,270.75,116670.4
2024-05-31,ORD-1513,172650.0,391.22,44176.44,296.32,127786.02
2024-06-01,ORD-1514,98950.0,325.11,28546.69,254.46,69823.74
2024-06-02,ORD-1515,96750.0,211.98,24813.22,166.08,71558.72
2024-06-01,ORD-1516,85500.0,186.24,21903.02,146.73,63264.01
2024-06-01,ORD-1517,175200.0,383.39,44801.64,300.56,129714.41
2024-06-02,ORD-1518,60300.0,221.12,17447.35,155.26,42476.27
2024-06-01,ORD-1519,99650.0,364.58,28791.0,256.37,70238.05
2024-06-03,ORD-1520,104000.0,380.73,30014.62,267.13,73337.52
2024-06-04,ORD-1521,72900.0,175.03,18866.08,125.12,53733.77
2024-06-04,ORD-1522,81300.0,195.97,21031.04,139.6,59933.39
2024-06-02,ORD-1523,109200.0,393.81,31894.5,282.05,76629.64
2024-06-04,ORD-1524,86400.0,206.7,22345.48,148.26,63699.57
2024-06-05,ORD-1525,143100.0,345.56,36740.99,245.18,105768.27
2024-06-05,ORD-1526,166950.0,401.93,42851.68,286.55,123409.84
2024-06-06,ORD-1527,169950.0,407.05,43674.8,291.09,125577.06
2024-06-06,ORD-1528,161100.0,385.23,41366.0,276.11,119072.66
2024-06-05,ORD-1529,118300.0,425.4,34271.25,304.44,83298.9
2024-06-07,ORD-1530,102250.0,348.17,45024.15,262.87,56614.81
2024-06-05,ORD-1531,107250.0,244.13,41993.26,184.3,64828.32
2024-06-08,ORD-1532,103050.0,262.47,40348.88,176.7,62261.94
2024-06-06,ORD-1533,112200.0,286.07,44049.0,192.84,67672.09
2024-06-07,ORD-1534,64500.0,246.83,28543.75,166.25,35543.17
2024-06-06,ORD-1535,177450.0,450.84,69597.42,303.62,107098.11
2024-06-08,ORD-1536,103950.0,384.95,46168.15,267.32,57129.57
2024-06-09,ORD-1537,44500.0,166.6,19840.13,114.99,24378.28
2024-06-09,ORD-1538,112950.0,279.64,44463.14,193.51,68013.7
2024-06-09,ORD-1539,82300.0,311.25,36706.61,212.14,45070.0
2024-06-10,ORD-1540,53000.0,200.3,23641.55,136.41,29021.74
2024-06-09,ORD-1541,158400.0,399.79,62807.12,272.34,94920.75
2024-06-10,ORD-1542,52050.0,197.31,23286.04,134.48,28432.17
2024-06-09,ORD-1543,145650.0,377.31,58145.04,250.01,86877.64
2024-06-11,ORD-1544,171750.0,444.8,68793.0,295.44,102216.76
2024-06-11,ORD-1545,88800.0,255.62,42381.78,181.4,45981.2
2024-06-12,ORD-1546,76800.0,279.54,34829.71,198.42,41492.33
2024-06-11,ORD-1547,111000.0,267.39,44545.96,190.06,65996.59
2024-06-12,ORD-1548,40700.0,147.48,18395.5,104.67,22052.36
2024-06-10,ORD-1549,83300.0,301.89,37782.91,215.05,45000.15
2024-06-13,ORD-1550,104100.0,418.98,47288.34,268.38,56124.29
2024-06-11,ORD-1551,54500.0,220.01,24707.59,140.23,29432.17
2024-06-13,ORD-1552,64200.0,173.12,25944.48,110.76,37971.64
2024-06-12,ORD-1553,52200.0,166.75,24979.1,106.53,26947.62
2024-06-13,ORD-1554,65100.0,246.23,29738.03,168.09,34947.65
2024-06-14,ORD-1555,141450.0,355.06,57232.83,243.04,83619.08
2024-06-14,ORD-1556,115950.0,292.91,47107.96,200.0,68349.13
2024-06-14,ORD-1557,114250.0,430.08,52177.97,294.52,61347.42
2024-06-15,ORD-1558,78150.0,219.41,31881.67,134.01,45914.91
2024-06-13,ORD-1559,70150.0,296.21,32362.65,181.49,37309.66
2024-06-15,ORD-1560,153150.0,431.8,62602.9,264.14,89851.16
2024-06-14,ORD-1561,151950.0,409.29,62548.36,260.54,88731.81
2024-06-16,ORD-1562,54150.0,210.84,25274.78,139.62,28524.75
2024-06-15,ORD-1563,70400.0,273.95,32824.7,181.51,37119.84
2024-06-16,ORD-1564,102200.0,397.45,47738.68,264.1,53799.77
2024-06-17,ORD-1565,64800.0,168.54,26885.43,111.8,37634.23
2024-06-16,ORD-1566,142950.0,379.1,59359.95,245.94,82965.01
2024-06-17,ORD-1567,88200.0,233.89,36634.28,151.95,51179.88
2024-06-19,ORD-1568,69800.0,287.53,32997.75,180.2,36334.52
2024-06-18,ORD-1569,54800.0,225.76,25861.19,140.96,28572.09
2024-06-17,ORD-1570,117250.0,482.07,55349.55,302.12,61116.26
2024-06-19,ORD-1571,80550.0,326.22,38384.28,208.28,41631.23
2024-06-21,ORD-1572,83550.0,203.26,35271.04,144.17,47931.53
2024-06-19,ORD-1573,110100.0,267.68,46293.24,189.07,63350.01
2024-06-20,ORD-1574,88350.0,214.81,37160.56,151.78,50822.85
2024-06-22,ORD-1575,100100.0,396.25,47419.92,258.19,52025.63
2024-06-21,ORD-1576,87450.0,229.8,36740.61,150.48,50329.11
2024-06-21,ORD-1577,60150.0,158.67,25290.62,103.46,34597.25
2024-06-21,ORD-1578,81900.0,216.32,34475.78,140.87,47067.04
2024-06-21,ORD-1579,70050.0,219.61,34979.07,143.2,34708.11
2024-06-20,ORD-1580,67900.0,269.29,32132.3,175.2,35323.21
2024-06-21,ORD-1581,130050.0,355.48,54760.38,223.99,74710.14
2024-06-23,ORD-1582,95850.0,259.55,40313.23,164.8,55112.42
2024-06-21,ORD-1583,165900.0,452.44,70027.68,285.25,95134.63
2024-06-23,ORD-1584,122550.0,325.78,52070.0,211.04,69943.18
2024-06-22,ORD-1585,127950.0,338.65,54356.0,220.64,73034.72
2024-06-24,ORD-1586,125550.0,334.16,53340.0,216.32,71659.51
2024-06-23,ORD-1587,55550.0,222.4,26670.0,144.0,28513.61
2024-06-23,ORD-1588,107700.0,285.95,45720.0,185.32,61508.73
2024-06-24,ORD-1589,52350.0,208.48,25098.38,135.55,26907.6
2024-06-24,ORD-1590,79350.0,255.86,41233.56,166.42,37694.16
2024-06-25,ORD-1591,76000.0,301.72,36678.69,196.83,38822.75
2024-06-25,ORD-1592,87400.0,346.54,42096.59,225.67,44731.2
2024-06-25,ORD-1593,107700.0,285.36,46028.16,185.43,61201.05
2024-06-24,ORD-1594,78650.0,313.08,37693.69,202.45,40440.79
2024-06-25,ORD-1595,109400.0,436.4,52651.5,282.72,56029.38
2024-06-26,ORD-1596,159900.0,425.33,68287.4,275.77,90911.51
2024-06-27,ORD-1597,123750.0,355.28,53213.9,213.16,69967.65
2024-06-26,ORD-1598,94950.0,272.58,40874.45,163.64,53639.32
2024-06-27,ORD-1599,84600.0,363.1,40874.45,218.44,43144.02
2024-06-27,ORD-1600,64550.0,276.37,31234.25,166.58,32872.8
2024-06-25,ORD-1601,98800.0,426.08,47911.79,255.96,50206.16
2024-06-26,ORD-1602,111750.0,450.45,54583.81,288.87,56426.87
2024-06-28,ORD-1603,114750.0,462.1,56042.62,296.54,57948.74
2024-06-27,ORD-1604,54050.0,217.9,26453.09,139.87,27239.15
2024-06-28,ORD-1605,59850.0,242.57,29249.14,154.78,30203.51
2024-06-27,ORD-1606,39550.0,200.8,22982.44,121.19,16245.57
2024-06-29,ORD-1607,95650.0,408.25,46843.2,247.1,48151.44
2024-06-29,ORD-1608,88300.0,377.64,43329.96,228.52,44363.88
2024-06-29,ORD-1609,112700.0,481.38,55260.34,291.5,56666.77
2024-06-29,ORD-1610,88350.0,258.33,38804.42,152.43,49134.83
2024-06-28,ORD-1611,65250.0,189.49,28578.93,112.44,36369.15
2024-06-29,ORD-1612,66750.0,291.73,32962.45,172.46,33323.35
2024-06-30,ORD-1613,78500.0,345.79,39086.27,203.22,38864.72
2024-06-30,ORD-1614,145500.0,427.42,64202.54,250.91,80619.12
2024-06-30,ORD-1615,86250.0,378.88,42900.77,222.76,42747.59
2024-07-02,ORD-1616,83250.0,228.42,36736.03,143.11,46142.44
2024-07-02,ORD-1617,99600.0,276.33,44003.95,172.03,55147.69
2024-07-01,ORD-1618,56900.0,235.6,28317.6,146.76,28200.04
2024-07-02,ORD-1619,113700.0,471.53,56635.2,293.43,56299.84
2024-07-03,ORD-1620,152850.0,425.64,67564.8,263.45,84596.1
2024-07-02,ORD-1621,71350.0,300.25,35647.16,183.94,35218.64
2024-07-03,ORD-1622,63450.0,178.73,28224.83,109.15,34937.28
2024-07-03,ORD-1623,79600.0,336.77,39940.8,205.95,39116.47
2024-07-04,ORD-1624,112050.0,315.28,49726.3,192.77,61815.65
2024-07-04,ORD-1625,177750.0,495.87,79863.28,307.04,97083.81
2024-07-05,ORD-1626,94100.0,392.46,47515.3,243.16,45949.08
2024-07-05,ORD-1627,91550.0,382.11,46307.28,237.07,44623.54
2024-07-05,ORD-1628,85650.0,238.97,38522.29,148.23,46740.51
2024-07-06,ORD-1629,88500.0,247.94,39952.9,152.76,48146.4
2024-07-06,ORD-1630,111000.0,309.29,50211.07,191.63,60288.0
2024-07-04,ORD-1631,103250.0,431.91,52514.1,267.3,50036.69
2024-07-06,ORD-1632,89100.0,252.56,40544.4,154.05,48148.99
2024-07-07,ORD-1633,61800.0,173.87,27933.6,106.2,33586.33
2024-07-06,ORD-1634,134250.0,380.86,61020.0,232.54,72616.59
2024-07-08,ORD-1635,100350.0,282.66,45521.28,173.61,54372.46
2024-07-08,ORD-1636,85150.0,358.99,43387.47,220.12,41183.43
2024-07-06,ORD-1637,101400.0,286.03,45927.72,174.82,55011.43
2024-07-08,ORD-1638,114750.0,367.62,59340.24,225.57,54816.57
2024-07-09,ORD-1639,92000.0,387.8,46963.22,238.28,44410.7
2024-07-08,ORD-1640,87150.0,244.47,39576.51,150.66,47178.36
2024-07-09,ORD-1641,150300.0,420.62,68106.84,259.58,81512.97
2024-07-08,ORD-1642,69900.0,283.69,35875.71,181.0,33559.59
2024-07-08,ORD-1643,83550.0,226.82,38022.12,143.96,45157.1
2024-07-10,ORD-1644,87750.0,237.43,40230.96,151.57,47130.04
2024-07-11,ORD-1645,101400.0,273.53,46388.76,175.02,54562.69
2024-07-10,ORD-1646,152700.0,411.35,69788.4,262.9,82237.34
2024-07-09,ORD-1647,105750.0,428.22,54522.19,274.21,50525.38
2024-07-12,ORD-1648,160800.0,449.3,74020.2,277.11,86053.39
2024-07-11,ORD-1649,152250.0,424.19,70233.12,263.42,81329.27
2024-07-11,ORD-1650,116600.0,487.04,60421.14,301.74,55390.09
2024-07-11,ORD-1651,60150.0,318.16,37601.55,187.06,22043.23
2024-07-11,ORD-1652,102450.0,451.87,53457.0,265.93,48275.2
2024-07-14,ORD-1653,103450.0,464.07,54144.48,268.61,48572.84
2024-07-14,ORD-1654,98100.0,438.57,51437.26,254.73,45969.44
2024-07-12,ORD-1655,89850.0,266.55,41649.6,154.67,47779.18
2024-07-12,ORD-1656,151950.0,453.43,70457.24,262.57,80776.75
2024-07-15,ORD-1657,43650.0,187.83,23010.77,112.92,20338.48
2024-07-15,ORD-1658,115200.0,331.51,54007.01,198.99,60662.49
2024-07-14,ORD-1659,50600.0,243.05,31113.43,151.77,19091.75
2024-07-14,ORD-1660,153600.0,420.91,72315.8,264.85,80598.44
2024-07-16,ORD-1661,119100.0,346.72,56849.52,205.8,61697.97
2024-07-17,ORD-1662,51950.0,226.68,27837.03,134.41,23751.88
2024-07-15,ORD-1663,98200.0,428.75,52681.98,254.63,44834.63
2024-07-17,ORD-1664,109650.0,350.17,52655.4,189.62,56454.81
2024-07-16,ORD-1665,44950.0,214.46,24232.23,116.32,20387.0
2024-07-16,ORD-1666,54100.0,256.34,29175.39,140.12,24528.15
2024-07-18,ORD-1667,164550.0,522.66,78804.0,284.32,84939.02
2024-07-18,ORD-1668,60450.0,279.2,32702.18,156.33,27312.29
2024-07-19,ORD-1669,103900.0,482.22,56257.47,268.94,46891.37
2024-07-18,ORD-1670,60150.0,186.23,28924.7,103.83,30935.23
2024-07-19,ORD-1671,143400.0,443.67,68786.11,247.43,73922.79
2024-07-18,ORD-1672,134100.0,375.53,64791.55,231.39,68701.53
2024-07-19,ORD-1673,127800.0,347.66,61776.82,220.2,65455.32
2024-07-19,ORD-1674,121950.0,333.1,59166.53,210.7,62239.68
2024-07-19,ORD-1675,113700.0,465.78,62130.29,295.06,50808.87
2024-07-20,ORD-1676,66250.0,271.45,36506.97,171.88,29299.7
2024-07-20,ORD-1677,81700.0,334.86,45049.98,212.07,36103.09
2024-07-21,ORD-1678,56700.0,234.38,31402.44,147.23,24915.95
2024-07-22,ORD-1679,118650.0,326.2,58397.52,205.57,59720.72
2024-07-21,ORD-1680,65250.0,179.67,32173.73,113.31,32783.29
2024-07-23,ORD-1681,178800.0,490.17,87779.92,308.99,90220.92
2024-07-23,ORD-1682,41550.0,172.67,23083.01,107.48,18186.84
2024-07-22,ORD-1683,96750.0,402.66,53823.36,250.49,42273.5
2024-07-22,ORD-1684,41550.0,173.21,23138.5,107.67,18130.63
2024-07-24,ORD-1685,73500.0,308.12,41033.38,191.24,31967.27
2024-07-24,ORD-1686,100800.0,395.19,56503.58,261.76,43639.47
2024-07-23,ORD-1687,63700.0,247.74,35576.33,164.7,27711.24
2024-07-24,ORD-1688,137550.0,359.91,68455.36,238.5,68496.23
2024-07-24,ORD-1689,44600.0,174.15,24945.28,115.49,19365.08
2024-07-26,ORD-1690,54300.0,234.44,30638.79,141.08,23285.68
2024-07-24,ORD-1691,116550.0,398.98,69133.68,239.13,46778.21
2024-07-25,ORD-1692,87200.0,363.92,49364.39,225.78,37245.91
2024-07-27,ORD-1693,66600.0,194.33,33410.11,115.05,32880.51
2024-07-26,ORD-1694,139200.0,407.81,70131.14,241.13,68419.92
2024-07-27,ORD-1695,117100.0,516.5,66453.39,304.74,49825.37
2024-07-27,ORD-1696,73300.0,294.21,41711.99,189.94,31103.87
2024-07-28,ORD-1697,75100.0,300.37,42648.38,194.49,31956.77
2024-07-27,ORD-1698,45100.0,181.74,25708.2,117.12,19092.93
2024-07-27,ORD-1699,107500.0,431.6,61149.2,278.75,45640.45
2024-07-29,ORD-1700,80550.0,215.79,40860.72,139.69,39333.8
2024-07-27,ORD-1701,126600.0,337.14,63863.79,218.74,62180.32
2024-07-28,ORD-1702,135450.0,373.26,68920.96,233.74,65922.05
2024-07-31,ORD-1703,85050.0,232.38,43750.92,147.48,40919.22
2024-07-29,ORD-1704,118950.0,326.49,61251.29,206.71,57165.51
2024-07-30,ORD-1705,64850.0,266.53,37476.12,168.58,26938.77
2024-07-30,ORD-1706,169800.0,482.38,87562.98,294.43,81460.21
2024-07-30,ORD-1707,162000.0,459.78,83705.58,280.55,77554.09
2024-08-02,ORD-1708,132450.0,353.62,68379.17,229.0,63488.21
2024-08-01,ORD-1709,75600.0,202.35,39140.11,131.14,36126.39
2024-08-01,ORD-1710,72300.0,289.54,42031.14,187.41,29791.9
2024-08-02,ORD-1711,61050.0,166.45,31722.82,105.5,29055.23
2024-08-01,ORD-1712,177900.0,486.75,92524.88,308.69,84579.68
2024-08-02,ORD-1713,76250.0,292.23,44938.39,198.1,30821.27
2024-08-02,ORD-1714,51150.0,194.99,30076.42,132.64,20745.95
2024-08-04,ORD-1715,160950.0,409.31,84198.3,278.34,76064.05
2024-08-02,ORD-1716,156300.0,399.82,81848.58,270.98,73780.61
2024-08-03,ORD-1717,96650.0,358.01,57423.03,251.19,38617.77
2024-08-04,ORD-1718,142200.0,350.83,75143.26,246.24,66459.67
2024-08-04,ORD-1719,116400.0,289.12,61566.96,202.25,54341.67
2024-08-04,ORD-1720,119550.0,296.03,63145.6,207.87,55900.5
2024-08-06,ORD-1721,112750.0,473.45,67239.92,293.46,44743.17
2024-08-06,ORD-1722,61750.0,258.32,36692.51,160.08,24639.09
2024-08-05,ORD-1723,93150.0,260.1,49160.84,161.12,43567.94
2024-08-05,ORD-1724,84600.0,347.95,50650.65,220.0,33381.4
2024-08-06,ORD-1725,53750.0,221.65,32118.47,139.68,21270.2
2024-08-06,ORD-1726,139350.0,382.23,74049.26,241.15,64677.36
2024-08-06,ORD-1727,63600.0,262.16,38166.75,165.8,25005.28
2024-08-07,ORD-1728,159300.0,438.49,84616.38,276.64,73968.49
2024-08-07,ORD-1729,57350.0,236.94,34382.85,149.45,22580.76
2024-08-07,ORD-1730,108000.0,298.41,57741.12,186.54,49773.93
2024-08-08,ORD-1731,81050.0,336.04,48839.36,210.66,31663.94
2024-08-08,ORD-1732,57900.0,240.49,34945.41,150.38,22563.73
2024-08-06,ORD-1733,95200.0,396.71,57500.53,247.53,37055.22
2024-08-08,ORD-1734,96250.0,386.52,58285.37,249.51,37328.6
2024-08-07,ORD-1735,65200.0,262.04,39542.15,169.37,25226.44
2024-08-08,ORD-1736,61650.0,249.75,37365.52,160.29,23874.45
2024-08-08,ORD-1737,121950.0,327.56,65782.66,211.33,55628.45
2024-08-10,ORD-1738,58500.0,238.91,35657.5,152.19,22451.4
2024-08-10,ORD-1739,150600.0,411.49,81260.28,260.73,68667.5
2024-08-10,ORD-1740,115100.0,469.76,70041.51,299.27,44289.46
2024-08-10,ORD-1741,68100.0,185.79,36708.62,117.56,31088.03
2024-08-11,ORD-1742,121500.0,313.13,65765.5,210.6,55210.76
2024-08-09,ORD-1743,72450.0,217.42,45517.5,145.84,26569.24
2024-08-11,ORD-1744,97350.0,251.93,52725.79,168.72,44203.56
2024-08-10,ORD-1745,78050.0,361.07,56856.38,242.78,20589.77
2024-08-11,ORD-1746,87750.0,226.38,47623.3,152.28,39748.04
2024-08-11,ORD-1747,67950.0,175.42,36770.37,117.89,30886.32
2024-08-10,ORD-1748,151800.0,392.95,82600.7,263.69,68542.66
2024-08-10,ORD-1749,82800.0,213.14,45084.52,143.55,37358.79
2024-08-12,ORD-1750,69750.0,179.83,37923.08,120.99,31526.1
2024-08-12,ORD-1751,68850.0,179.61,37727.36,119.53,30823.49
2024-08-12,ORD-1752,101550.0,396.03,62742.24,264.45,38147.28
2024-08-12,ORD-1753,69750.0,271.89,43089.16,181.68,26207.28
2024-08-13,ORD-1754,74300.0,287.93,45764.93,192.82,28054.33
2024-08-11,ORD-1755,108750.0,281.68,59543.62,188.27,48736.43
2024-08-12,ORD-1756,70450.0,275.41,43642.76,183.89,26347.94
2024-08-13,ORD-1757,76350.0,198.09,42140.28,132.55,33879.08
2024-08-14,ORD-1758,45700.0,178.28,28382.72,118.76,17020.25
2024-08-12,ORD-1759,112000.0,432.51,69562.45,291.36,41713.68
2024-08-13,ORD-1760,99500.0,385.42,61971.0,259.61,36883.97
2024-08-13,ORD-1761,63100.0,241.71,39485.91,164.25,23208.13
2024-08-14,ORD-1762,141900.0,360.37,78847.06,246.07,62446.5
2024-08-15,ORD-1763,152100.0,387.46,84419.58,263.07,67029.9
2024-08-13,ORD-1764,97200.0,372.29,60881.9,253.15,35692.66
2024-08-15,ORD-1765,61200.0,233.74,38363.08,159.39,22443.79
2024-08-14,ORD-1766,62550.0,242.89,39252.71,162.81,22891.59
2024-08-14,ORD-1767,149700.0,386.27,83472.0,259.11,65582.62
2024-08-14,ORD-1768,82650.0,212.52,46076.54,143.23,36217.7
2024-08-16,ORD-1769,41650.0,161.83,26231.08,108.58,15148.52
2024-08-17,ORD-1770,76450.0,295.8,48482.79,199.99,27471.42
2024-08-15,ORD-1771,127500.0,327.53,71435.09,220.88,55516.5
2024-08-18,ORD-1772,174150.0,449.05,98419.2,303.26,74978.49
2024-08-16,ORD-1773,76500.0,196.54,43084.8,132.45,33086.21
2024-08-17,ORD-1774,93300.0,231.79,52805.38,161.8,40101.04
2024-08-19,ORD-1775,40850.0,152.59,26085.35,106.57,14505.49
2024-08-17,ORD-1776,137400.0,342.38,77854.08,239.01,58964.53
2024-08-18,ORD-1777,148950.0,405.71,84624.14,259.04,63661.1
2024-08-18,ORD-1778,41700.0,169.66,26636.21,108.39,14785.74
2024-08-18,ORD-1779,60600.0,164.85,34495.38,105.55,25834.22
2024-08-19,ORD-1780,73200.0,199.39,41462.43,126.65,31411.53
2024-08-20,ORD-1781,100500.0,410.21,64360.23,262.09,35467.47
2024-08-20,ORD-1782,79900.0,276.92,51392.16,208.27,28022.64
2024-08-20,ORD-1783,151950.0,351.4,86721.6,263.97,64613.03
2024-08-20,ORD-1784,79800.0,183.99,45454.08,138.42,34023.5
2024-08-20,ORD-1785,138750.0,368.28,79674.37,240.67,58466.67
2024-08-22,ORD-1786,69150.0,184.27,39665.47,120.27,29179.99
2024-08-22,ORD-1787,81750.0,327.04,53059.01,214.18,28149.77
2024-08-22,ORD-1788,41500.0,164.63,26851.46,108.21,14375.69
2024-08-21,ORD-1789,108100.0,429.52,69865.32,281.41,37523.75
2024-08-23,ORD-1790,161550.0,391.89,93061.44,280.47,67816.2
2024-08-23,ORD-1791,95200.0,346.42,61782.46,248.09,32823.04
2024-08-22,ORD-1792,170400.0,415.31,98231.52,296.71,71456.47
2024-08-22,ORD-1793,86800.0,330.46,56803.01,227.2,29439.33
2024-08-22,ORD-1794,46350.0,176.23,30351.26,121.18,15701.33
2024-08-22,ORD-1795,97650.0,370.23,63692.16,254.59,33333.02
2024-08-23,ORD-1796,82200.0,210.73,47632.16,142.34,34214.77
2024-08-23,ORD-1797,90600.0,234.01,52673.52,158.0,37534.47
2024-08-24,ORD-1798,151950.0,391.09,88223.8,264.14,63070.96
2024-08-24,ORD-1799,66000.0,161.87,38404.96,114.34,27318.83
2024-08-26,ORD-1800,50200.0,185.23,32927.89,130.61,16956.27
2024-08-24,ORD-1801,110450.0,407.06,72500.27,287.48,37255.18
2024-08-26,ORD-1802,115950.0,285.56,67557.82,201.49,47905.14
2024-08-24,ORD-1803,96150.0,236.12,56036.33,166.91,39710.64
2024-08-27,ORD-1804,71150.0,247.05,47186.49,186.34,23530.12
2024-08-25,ORD-1805,103100.0,356.44,68278.91,269.48,34195.17
2024-08-26,ORD-1806,125400.0,278.86,74245.92,218.68,50656.54
2024-08-27,ORD-1807,110100.0,244.19,64965.18,191.21,44699.42
2024-08-28,ORD-1808,58600.0,195.09,39045.4,153.05,19206.47
2024-08-27,ORD-1809,45100.0,150.45,29963.53,117.36,14868.66
2024-08-27,ORD-1810,42200.0,147.73,28079.88,109.7,13862.69
2024-08-27,ORD-1811,67950.0,158.26,40278.88,118.33,27394.53
2024-08-27,ORD-1812,115150.0,401.75,76853.7,300.02,37594.53
2024-08-28,ORD-1813,128400.0,297.83,75944.32,222.58,51935.27
2024-08-29,ORD-1814,157350.0,389.65,93853.2,273.06,62834.09
2024-08-28,ORD-1815,46850.0,174.55,31574.9,122.39,14978.15
2024-08-30,ORD-1816,66000.0,164.21,39507.73,114.84,26213.23
2024-08-28,ORD-1817,100600.0,373.7,67708.38,262.69,32255.23
2024-08-30,ORD-1818,145800.0,381.17,87828.29,254.1,57336.45
2024-08-31,ORD-1819,157350.0,409.93,94487.4,272.7,62179.97
2024-08-30,ORD-1820,119400.0,311.18,71990.4,208.14,46890.28
2024-08-31,ORD-1821,177300.0,423.49,107180.88,308.47,69387.16
2024-08-30,ORD-1822,87450.0,314.04,59695.68,228.85,27211.42
2024-08-30,ORD-1823,43450.0,156.27,29712.17,113.83,13467.74
2024-09-01,ORD-1824,57050.0,203.22,38951.91,148.55,17746.32
2024-09-02,ORD-1825,132000.0,312.58,80041.28,229.38,51416.76
2024-09-02,ORD-1826,124500.0,296.62,75675.39,217.0,48310.98
2024-09-01,ORD-1827,60750.0,145.1,36928.14,105.88,23570.89
2024-09-01,ORD-1828,136500.0,381.96,97322.92,279.14,38515.98
2024-09-01,ORD-1829,95600.0,310.37,65742.75,249.09,29297.78
2024-09-01,ORD-1830,149100.0,322.49,91134.0,259.19,57384.32
2024-09-03,ORD-1831,67950.0,156.01,41717.15,118.12,25958.72
2024-09-03,ORD-1832,55100.0,188.71,38179.46,144.24,16587.58
2024-09-04,ORD-1833,113700.0,260.33,70018.66,198.25,43222.76
2024-09-03,ORD-1834,52100.0,179.06,36043.07,136.03,15741.85
2024-09-03,ORD-1835,50650.0,173.46,35078.24,132.4,15265.9
2024-09-05,ORD-1836,101100.0,251.93,62210.7,176.1,38461.28
2024-09-04,ORD-1837,93650.0,349.38,64837.37,244.06,28219.18
2024-09-04,ORD-1838,110750.0,412.25,76899.34,289.35,33149.06
2024-09-06,ORD-1839,70600.0,220.62,49453.57,184.67,20741.14
2024-09-04,ORD-1840,67200.0,239.2,53635.69,200.11,13125.0
2024-09-05,ORD-1841,129600.0,270.36,80668.45,225.89,48435.3
2024-09-04,ORD-1842,76150.0,238.33,53217.48,198.62,22495.58
2024-09-05,ORD-1843,64200.0,133.49,39962.48,111.83,23992.2
2024-09-05,ORD-1844,63600.0,198.62,44435.03,165.87,18800.49
2024-09-06,ORD-1845,80200.0,274.07,56590.87,210.05,23125.0
2024-09-07,ORD-1846,96150.0,217.57,60101.47,167.46,35663.49
2024-09-05,ORD-1847,73650.0,250.09,51921.77,192.35,21285.79
2024-09-06,ORD-1848,106050.0,281.97,77888.51,216.53,27662.99
2024-09-06,ORD-1849,109650.0,349.48,77507.1,286.06,31507.36
2024-09-06,ORD-1850,59300.0,188.06,41853.83,154.66,17103.45
2024-09-07,ORD-1851,159450.0,337.95,100054.62,277.17,58780.26
2024-09-08,ORD-1852,56450.0,187.6,40217.81,147.96,15896.64
2024-09-09,ORD-1853,41850.0,138.57,29667.71,109.01,11934.7
2024-09-07,ORD-1854,157800.0,347.91,99600.44,275.41,57576.24
2024-09-08,ORD-1855,107550.0,223.97,68420.16,187.7,38718.17
2024-09-10,ORD-1856,62050.0,192.93,44366.2,161.99,17328.88
2024-09-10,ORD-1857,96450.0,200.04,61293.06,168.27,34788.63
2024-09-09,ORD-1858,95850.0,304.61,68707.0,250.67,26587.73
2024-09-11,ORD-1859,35150.0,130.95,29496.87,107.62,5414.55
2024-09-09,ORD-1860,103100.0,328.14,74099.29,270.29,28402.28
2024-09-09,ORD-1861,93450.0,199.02,59422.27,162.69,33666.02
2024-09-10,ORD-1862,148350.0,290.36,95037.57,258.21,52763.86
2024-09-12,ORD-1863,105600.0,206.72,67541.82,183.66,37667.8
2024-09-10,ORD-1864,94000.0,277.98,67829.23,246.12,25646.66
2024-09-12,ORD-1865,78200.0,222.13,56629.73,204.55,21143.58
2024-09-12,ORD-1866,55550.0,157.55,40274.83,145.67,14971.94
2024-09-12,ORD-1867,62400.0,119.1,40154.75,109.21,22016.94
2024-09-11,ORD-1868,161700.0,306.81,103749.12,282.2,57361.87
2024-09-13,ORD-1869,68900.0,195.98,49713.12,179.92,18810.98
2024-09-13,ORD-1870,73000.0,208.03,52955.28,191.63,19645.06
2024-09-13,ORD-1871,113100.0,237.97,72793.73,197.2,39871.1
2024-09-14,ORD-1872,112500.0,356.93,81784.62,295.16,30063.29
2024-09-12,ORD-1873,57400.0,215.12,49287.42,177.76,7719.7
2024-09-13,ORD-1874,112050.0,215.05,72627.0,196.0,39011.95
2024-09-15,ORD-1875,106500.0,204.5,69140.9,186.05,36968.55
2024-09-14,ORD-1876,50900.0,146.66,37185.02,133.35,13434.97
2024-09-14,ORD-1877,86600.0,245.59,63799.01,227.29,22328.12
2024-09-15,ORD-1878,79500.0,150.16,51897.66,138.75,27313.43
2024-09-14,ORD-1879,89400.0,168.64,58336.1,155.83,30739.43
2024-09-15,ORD-1880,119350.0,336.8,87613.89,312.02,31087.29
2024-09-17,ORD-1881,101200.0,344.18,74450.25,264.56,26141.02
2024-09-15,ORD-1882,56450.0,193.11,41662.8,148.12,14445.97
2024-09-16,ORD-1883,168750.0,385.55,110514.0,295.37,57555.07
2024-09-17,ORD-1884,89300.0,269.32,65839.87,233.73,22957.07
2024-09-17,ORD-1885,93000.0,214.72,69954.86,186.28,22644.14
2024-09-17,ORD-1886,96700.0,277.12,71669.45,253.55,24499.88
2024-09-17,ORD-1887,39950.0,114.31,29567.33,104.48,10163.87
2024-09-19,ORD-1888,64700.0,185.5,47890.23,169.4,16454.86
2024-09-17,ORD-1889,68300.0,233.81,60609.35,214.47,7242.37
2024-09-19,ORD-1890,86600.0,262.74,64406.97,226.96,21703.33
2024-09-20,ORD-1891,71250.0,248.06,60705.42,213.65,10082.87
2024-09-19,ORD-1892,71550.0,144.38,47182.42,124.91,24098.29
2024-09-18,ORD-1893,42700.0,147.77,36201.16,127.42,6223.65
2024-09-20,ORD-1894,44250.0,134.76,32943.8,116.12,11055.33
2024-09-20,ORD-1895,41700.0,120.45,31072.87,109.06,10397.62
2024-09-21,ORD-1896,90300.0,174.55,59766.95,157.89,30200.62
2024-09-20,ORD-1897,117300.0,227.93,77905.18,205.49,38961.4
2024-09-21,ORD-1898,91950.0,267.02,68538.71,240.61,22903.65
2024-09-19,ORD-1899,162600.0,313.14,107540.86,283.03,54462.97
2024-09-21,ORD-1900,59600.0,161.23,44651.86,156.34,14630.57
2024-09-21,ORD-1901,53150.0,143.92,39657.41,138.85,13209.82
2024-09-21,ORD-1902,137250.0,247.52,91043.07,238.76,45720.65
2024-09-20,ORD-1903,129300.0,234.13,85874.69,225.66,42965.52
2024-09-23,ORD-1904,72300.0,144.62,48051.54,126.01,23977.82
2024-09-22,ORD-1905,81400.0,243.52,61011.5,213.11,19931.87
2024-09-23,ORD-1906,99750.0,183.85,66659.16,175.13,32731.85
2024-09-24,ORD-1907,63750.0,175.68,47976.66,167.38,15430.27
2024-09-22,ORD-1908,134700.0,245.54,89676.0,235.38,44543.08
2024-09-24,ORD-1909,79500.0,144.67,53008.48,138.77,26208.08
2024-09-23,ORD-1910,69900.0,127.81,46631.52,122.19,23018.48
2024-09-23,ORD-1911,71250.0,130.25,47428.64,124.33,23566.78
2024-09-25,ORD-1912,90850.0,222.63,68821.46,238.4,21567.51
2024-09-25,ORD-1913,129150.0,211.38,87143.73,226.56,41568.32
2024-09-23,ORD-1914,153150.0,250.39,102905.9,267.81,49725.9
2024-09-26,ORD-1915,177750.0,307.83,119571.2,310.9,57560.07
2024-09-25,ORD-1916,79900.0,207.62,60438.72,209.55,19044.11
2024-09-26,ORD-1917,117750.0,342.88,89841.96,309.22,27255.94
2024-09-25,ORD-1918,114850.0,334.65,87377.94,301.22,26836.19
2024-09-26,ORD-1919,110100.0,290.45,84147.96,288.68,25372.91
2024-09-27,ORD-1920,166650.0,293.1,113212.64,291.7,52852.56
2024-09-26,ORD-1921,157350.0,275.89,106612.8,274.2,50187.12
2024-09-29,ORD-1922,96750.0,154.7,65764.2,169.05,30662.06
2024-09-27,ORD-1923,157800.0,253.5,107567.8,275.57,49703.13
2024-09-29,ORD-1924,67100.0,167.6,51472.51,175.37,15284.52
2024-09-30,ORD-1925,135300.0,225.26,92323.71,236.24,42514.78
2024-09-28,ORD-1926,63300.0,106.22,43302.27,111.01,19780.5
2024-09-30,ORD-1927,70050.0,117.08,47795.9,122.41,22014.6
2024-09-30,ORD-1928,110850.0,290.41,85849.42,291.22,24418.95
2024-09-30,ORD-1929,113100.0,197.75,77610.96,197.81,35093.47
2024-09-30,ORD-1930,68050.0,178.7,52664.58,178.61,15028.11
2024-10-01,ORD-1931,88500.0,155.18,60774.72,155.02,27415.08
2024-10-01,ORD-1932,76000.0,199.45,58901.17,199.97,16699.41
2024-10-01,ORD-1933,78350.0,170.95,60831.68,205.34,17142.02
2024-10-01,ORD-1934,63100.0,147.38,49350.14,165.97,13436.51
2024-10-03,ORD-1935,146100.0,224.79,101215.1,254.84,44405.26
2024-10-02,ORD-1936,43150.0,100.41,33677.87,113.2,9258.51
2024-10-01,ORD-1937,130200.0,200.27,90015.07,227.02,39757.64
2024-10-04,ORD-1938,59750.0,122.69,46895.4,156.95,12574.97
2024-10-04,ORD-1939,96000.0,130.54,66904.1,168.29,28797.06
2024-10-02,ORD-1940,43000.0,87.54,33686.53,112.57,9113.36
2024-10-03,ORD-1941,122850.0,166.71,85453.84,214.24,37015.21
2024-10-04,ORD-1942,104550.0,146.49,73151.75,183.16,31068.6
2024-10-04,ORD-1943,115450.0,242.31,90654.79,301.74,24251.15
2024-10-05,ORD-1944,152550.0,245.81,107308.08,266.51,44729.61
2024-10-04,ORD-1945,51950.0,126.01,41266.27,136.71,10421.02
2024-10-05,ORD-1946,41850.0,101.13,33218.16,110.04,8420.66
2024-10-05,ORD-1947,54450.0,132.03,43238.84,143.34,10935.79
2024-10-07,ORD-1948,108300.0,170.91,76700.45,190.41,31238.23
2024-10-06,ORD-1949,108150.0,169.45,76383.5,188.89,31408.15
2024-10-06,ORD-1950,65050.0,153.36,51701.49,170.59,13024.55
2024-10-05,ORD-1951,118050.0,185.08,83356.27,206.67,34301.98
2024-10-06,ORD-1952,74350.0,174.65,59070.44,194.87,14910.04
2024-10-07,ORD-1953,125100.0,184.34,88699.6,219.35,35996.72
2024-10-08,ORD-1954,45650.0,101.24,36524.92,119.97,8903.86
2024-10-09,ORD-1955,72750.0,153.18,58493.33,190.96,13912.54
2024-10-08,ORD-1956,60300.0,84.34,43132.66,105.79,16977.21
2024-10-08,ORD-1957,171300.0,239.75,122244.78,299.58,48515.88
2024-10-09,ORD-1958,58950.0,119.65,47637.65,154.79,11037.91
2024-10-09,ORD-1959,75900.0,101.95,54289.75,132.23,21376.07
2024-10-09,ORD-1960,148650.0,201.55,106862.83,260.64,41324.98
2024-10-08,ORD-1961,58400.0,118.61,47154.83,153.36,10973.2
2024-10-09,ORD-1962,67100.0,135.97,54195.87,176.36,12591.8
2024-10-10,ORD-1963,113850.0,168.38,82186.27,199.29,31296.06
2024-10-10,ORD-1964,74250.0,110.17,53712.29,130.59,20296.95
2024-10-09,ORD-1965,169050.0,249.49,121877.28,295.8,46627.42
2024-10-11,ORD-1966,84600.0,187.48,68596.42,222.14,15593.96
2024-10-12,ORD-1967,176550.0,230.09,127713.76,308.78,48297.37
2024-10-12,ORD-1968,70200.0,91.61,50652.58,122.71,19333.11
2024-10-12,ORD-1969,155400.0,203.06,112561.28,271.89,42363.77
2024-10-12,ORD-1970,46000.0,90.5,37502.39,120.93,8286.17
2024-10-12,ORD-1971,85350.0,112.4,61908.7,149.61,23179.28
2024-10-13,ORD-1972,178650.0,253.67,130087.7,312.76,47995.87
2024-10-13,ORD-1973,67800.0,95.89,49204.72,118.38,18381.01
2024-10-13,ORD-1974,138300.0,196.92,100586.64,242.63,37273.8
2024-10-13,ORD-1975,70450.0,131.87,57978.83,185.34,12153.97
2024-10-13,ORD-1976,114100.0,212.94,93969.92,300.12,19617.02
2024-10-14,ORD-1977,93250.0,186.2,77132.95,245.16,15685.69
2024-10-13,ORD-1978,83250.0,165.95,68892.25,218.69,13973.1
2024-10-13,ORD-1979,116100.0,154.58,85044.02,202.68,30698.72
2024-10-14,ORD-1980,177900.0,243.38,131566.4,312.39,45777.83
2024-10-16,ORD-1981,47250.0,97.56,39469.92,124.74,7557.78
2024-10-14,ORD-1982,108000.0,221.47,89760.9,283.32,17734.3
2024-10-14,ORD-1983,128100.0,175.6,94639.36,223.99,33061.05
2024-10-15,ORD-1984,103200.0,142.02,76286.4,181.04,26590.54
2024-10-17,ORD-1985,149250.0,182.01,110500.22,260.69,38307.07
2024-10-17,ORD-1986,54550.0,100.5,45514.78,143.15,8791.57
2024-10-18,ORD-1987,106350.0,140.33,79347.6,186.28,26675.79
2024-10-17,ORD-1988,118700.0,235.69,99812.25,312.72,18339.34
2024-10-17,ORD-1989,53250.0,105.12,44695.8,139.97,8309.11
2024-10-17,ORD-1990,84800.0,166.98,71145.0,222.58,13265.43
2024-10-18,ORD-1991,123150.0,130.23,92617.6,216.01,30186.15
2024-10-19,ORD-1992,45350.0,84.45,44926.38,138.56,200.61
2024-10-20,ORD-1993,55100.0,88.78,47049.56,145.26,7816.41
2024-10-20,ORD-1994,160050.0,171.88,121162.52,280.84,38434.76
2024-10-19,ORD-1995,84450.0,138.61,72013.21,221.81,12076.37
2024-10-20,ORD-1996,59150.0,80.58,50715.73,155.32,8198.38
2024-10-22,ORD-1997,75900.0,68.91,57700.19,132.62,17998.28
2024-10-20,ORD-1998,43750.0,60.03,37630.56,115.43,5943.98
2024-10-21,ORD-1999,85700.0,156.84,73878.3,225.48,11439.38
2024-10-23,ORD-2000,76500.0,112.03,70098.48,161.0,6128.49
2024-10-23,ORD-2001,86700.0,106.21,66433.2,152.4,20008.19
2024-10-21,ORD-2002,45600.0,83.56,39258.58,119.85,6138.0
2024-10-21,ORD-2003,47050.0,86.4,40633.07,124.0,6206.54
2024-10-23,ORD-2004,120900.0,137.28,93172.1,212.37,27378.26
2024-10-23,ORD-2005,119250.0,203.89,103564.59,314.22,15167.3
2024-10-23,ORD-2006,62700.0,107.41,54484.92,165.25,7942.42
2024-10-24,ORD-2007,147900.0,168.34,113928.26,259.4,33544.01
2024-10-25,ORD-2008,50250.0,71.2,43881.26,132.21,6165.33
2024-10-24,ORD-2009,72900.0,80.87,65937.98,149.09,6732.05
2024-10-24,ORD-2010,103700.0,147.83,90548.64,272.73,12730.8
2024-10-27,ORD-2011,109650.0,112.83,85574.58,192.67,23769.92
2024-10-25,ORD-2012,95700.0,147.19,84002.8,252.17,11297.84
2024-10-26,ORD-2013,102600.0,71.54,80244.35,180.26,22103.85
2024-10-26,ORD-2014,158700.0,110.04,123812.24,278.11,34499.6
2024-10-26,ORD-2015,54050.0,56.38,47568.43,142.54,6282.66
2024-10-28,ORD-2016,176100.0,163.82,138281.84,310.04,37344.3
2024-10-28,ORD-2017,105900.0,98.68,82969.1,186.31,22645.91
2024-10-29,ORD-2018,49600.0,50.91,43763.83,130.45,5654.8
2024-10-29,ORD-2019,91800.0,94.75,81187.63,242.1,10275.52
2024-10-29,ORD-2020,166650.0,114.2,130909.92,292.73,35333.15
2024-10-28,ORD-2021,116700.0,79.76,91578.24,204.68,24837.32
2024-10-29,ORD-2022,124500.0,106.09,98219.26,218.27,25956.38
2024-10-31,ORD-2023,44800.0,57.55,39842.55,118.1,4781.8
2024-10-30,ORD-2024,100700.0,105.59,89851.62,265.08,10477.72
2024-10-31,ORD-2025,77850.0,54.56,61680.32,136.7,15978.42
2024-11-01,ORD-2026,147750.0,103.28,117192.61,259.4,30194.72
2024-10-31,ORD-2027,84850.0,88.92,75795.62,223.88,8741.58
2024-10-31,ORD-2028,96000.0,67.0,76151.47,169.0,19612.53
2024-11-01,ORD-2029,64800.0,80.16,58000.19,171.13,6548.52
2024-11-01,ORD-2030,53500.0,66.13,48021.67,141.41,5270.79
2024-11-03,ORD-2031,66600.0,86.15,60003.28,175.69,6334.88
2024-11-02,ORD-2032,104400.0,89.19,83233.25,182.88,20894.69
2024-11-02,ORD-2033,44100.0,57.06,39822.8,116.52,4103.62
2024-11-03,ORD-2034,73050.0,93.82,65653.81,192.25,7110.12
2024-11-02,ORD-2035,92850.0,79.69,74264.15,163.37,18342.8
2024-11-03,ORD-2036,79750.0,102.94,71752.8,210.28,7683.98
2024-11-02,ORD-2037,69750.0,60.37,67226.88,147.08,2315.67
2024-11-03,ORD-2038,155400.0,112.18,124849.92,273.65,30164.25
2024-11-04,ORD-2039,104100.0,75.36,83553.41,183.4,20287.83
2024-11-02,ORD-2040,129450.0,92.98,103721.47,226.75,25408.79
2024-11-05,ORD-2041,100050.0,113.5,90700.24,263.78,8972.48
2024-11-05,ORD-2042,96750.0,73.16,77975.14,170.34,18531.36
2024-11-05,ORD-2043,100950.0,76.34,81224.1,177.37,19472.19
2024-11-03,ORD-2044,133950.0,100.94,107817.47,235.13,25796.46
2024-11-05,ORD-2045,74550.0,56.61,60166.0,131.28,14196.1
2024-11-04,ORD-2046,46000.0,51.8,41905.71,121.5,3920.98
2024-11-06,ORD-2047,147300.0,110.61,119004.96,259.15,27925.27
2024-11-05,ORD-2048,68600.0,76.93,62450.39,181.01,5891.67
2024-11-05,ORD-2049,89600.0,100.88,81453.09,235.88,7810.14
2024-11-06,ORD-2050,107200.0,120.27,97507.88,282.61,9289.25
2024-11-07,ORD-2051,75150.0,72.61,68891.89,198.34,5987.16
2024-11-07,ORD-2052,76050.0,48.85,61845.95,133.46,14021.74
2024-11-05,ORD-2053,101200.0,97.51,92677.62,266.48,8158.4
2024-11-06,ORD-2054,110600.0,105.22,102011.22,291.8,8191.77
2024-11-06,ORD-2055,79650.0,60.92,78668.11,168.84,752.13
2024-11-08,ORD-2056,49300.0,47.08,45491.49,130.06,3631.37
2024-11-06,ORD-2057,59300.0,56.66,54865.49,156.88,4220.96
2024-11-06,ORD-2058,132900.0,84.01,108811.97,233.53,23770.49
2024-11-09,ORD-2059,57150.0,58.34,56557.92,120.93,412.81
2024-11-08,ORD-2060,112700.0,143.71,104432.35,297.87,7826.06
2024-11-08,ORD-2061,75850.0,96.17,70128.75,199.83,5425.26
2024-11-10,ORD-2062,152550.0,90.24,125990.4,268.5,26200.85
2024-11-09,ORD-2063,144450.0,85.95,119567.36,255.04,24541.65
2024-11-08,ORD-2064,141450.0,84.07,117096.96,249.51,24019.46
2024-11-09,ORD-2065,109500.0,76.84,91272.3,193.32,17957.54
2024-11-11,ORD-2066,47800.0,50.38,44704.8,126.32,2918.5
2024-11-09,ORD-2067,153450.0,107.34,127284.5,270.12,25788.04
2024-11-11,ORD-2068,122700.0,86.02,101827.6,215.95,20570.43
2024-11-11,ORD-2069,92100.0,47.47,76857.78,162.3,15032.46
2024-11-12,ORD-2070,43300.0,33.39,40678.39,114.03,2474.19
2024-11-11,ORD-2071,89600.0,69.31,84543.56,236.98,4750.15
2024-11-11,ORD-2072,64200.0,25.77,53602.72,112.78,10458.74
2024-11-12,ORD-2073,155700.0,62.72,130875.8,275.36,24486.12
2024-11-12,ORD-2074,80250.0,60.19,75977.86,212.35,3999.6
2024-11-12,ORD-2075,79400.0,59.32,74755.44,209.1,4376.14
2024-11-14,ORD-2076,126600.0,75.04,125376.0,263.83,885.12
2024-11-13,ORD-2077,103650.0,62.63,98226.96,273.71,5086.71
2024-11-13,ORD-2078,109350.0,65.94,103657.78,288.56,5337.72
2024-11-15,ORD-2079,115300.0,69.72,109560.84,305.5,5363.95
2024-11-14,ORD-2080,137850.0,58.08,117033.84,243.81,20514.27
2024-11-16,ORD-2081,163050.0,68.29,138059.4,287.21,24635.1
2024-11-15,ORD-2082,57350.0,35.94,54717.12,151.47,2445.48
2024-11-16,ORD-2083,58300.0,36.71,55667.07,154.32,2441.9
2024-11-15,ORD-2084,93000.0,37.49,78981.26,163.61,13817.65
2024-11-17,ORD-2085,61850.0,37.4,59379.03,163.77,2269.8
2024-11-16,ORD-2086,56950.0,34.49,54752.71,150.92,2011.88
2024-11-16,ORD-2087,113850.0,45.9,96914.21,200.47,16689.42
2024-11-19,ORD-2088,101550.0,50.44,87033.5,178.94,14287.12
2024-11-18,ORD-2089,92600.0,68.73,89536.68,244.67,2749.92
2024-11-17,ORD-2090,44200.0,33.02,42842.82,117.23,1206.93
2024-11-18,ORD-2091,77550.0,67.27,87418.61,238.93,-10174.8
2024-11-17,ORD-2092,83000.0,61.73,80101.63,218.99,2617.66
2024-11-19,ORD-2093,105750.0,43.6,91247.04,186.52,14272.84
2024-11-20,ORD-2094,77500.0,47.64,75249.81,204.84,1997.71
2024-11-20,ORD-2095,119500.0,71.85,116361.07,315.26,2751.81
2024-11-21,ORD-2096,90150.0,54.51,87841.68,238.36,2015.46
2024-11-21,ORD-2097,72900.0,43.82,70836.93,191.88,1827.38
2024-11-19,ORD-2098,40600.0,24.36,39548.19,107.24,920.21
2024-11-21,ORD-2099,81600.0,32.86,71299.18,144.22,10123.73
2024-11-22,ORD-2100,63900.0,38.45,62500.63,168.8,1192.13
2024-11-20,ORD-2101,61450.0,37.36,60305.06,162.7,944.88
2024-11-21,ORD-2102,111150.0,44.63,96800.35,195.93,14109.08
2024-11-22,ORD-2103,98250.0,39.54,85930.34,173.19,12106.93
2024-11-21,ORD-2104,115050.0,46.41,100840.63,203.18,13959.78
2024-11-22,ORD-2105,146250.0,58.62,127652.99,257.42,18280.97
2024-11-22,ORD-2106,63600.0,25.62,55717.39,112.34,7744.65
2024-11-22,ORD-2107,50700.0,30.59,49929.85,134.1,605.47
2024-11-23,ORD-2108,42050.0,25.43,41619.75,111.07,293.75
2024-11-22,ORD-2109,50450.0,30.46,49805.62,133.08,480.84
2024-11-24,ORD-2110,83550.0,33.4,73377.0,147.05,9992.54
2024-11-23,ORD-2111,107050.0,64.74,106021.88,283.44,679.95
2024-11-22,ORD-2112,111500.0,67.23,110460.0,295.15,677.62
2024-11-22,ORD-2113,61100.0,36.82,60358.5,161.44,543.23
2024-11-24,ORD-2114,88650.0,35.76,78460.27,156.5,9997.47
2024-11-25,ORD-2115,129600.0,52.11,114652.38,228.5,14667.0
2024-11-24,ORD-2116,118350.0,47.55,104613.7,209.0,13479.76
2024-11-24,ORD-2117,128100.0,51.68,113067.33,226.19,14754.8
2024-11-24,ORD-2118,84900.0,34.16,75362.24,149.86,9353.73
2024-11-25,ORD-2119,81600.0,49.26,81598.2,216.09,-263.55
2024-11-27,ORD-2120,42250.0,25.65,42322.35,112.06,-210.06
2024-11-26,ORD-2121,72800.0,44.17,72894.02,192.74,-330.93
2024-11-26,ORD-2122,108300.0,43.88,96395.38,191.82,11668.92
2024-11-26,ORD-2123,75750.0,30.53,67184.66,133.43,8401.38
2024-11-27,ORD-2124,145950.0,58.52,129589.38,257.88,16044.22
2024-11-26,ORD-2125,70500.0,28.25,62855.92,123.82,7492.02
2024-11-26,ORD-2126,118200.0,47.58,105918.91,209.04,12024.47
2024-11-26,ORD-2127,75900.0,45.97,76731.03,201.53,-1078.53
2024-11-27,ORD-2128,145050.0,58.18,129456.45,255.84,15279.53
2024-11-28,ORD-2129,176100.0,70.92,158521.2,311.09,17196.78
2024-11-29,ORD-2130,93300.0,37.64,83828.16,165.05,9269.15
2024-11-29,ORD-2131,90750.0,36.5,81410.04,159.95,9143.51
2024-11-28,ORD-2132,146550.0,58.93,131653.2,258.48,14579.39
2024-11-29,ORD-2133,41000.0,28.98,48650.4,126.61,-7805.99
2024-11-29,ORD-2134,170100.0,68.56,154059.6,300.51,15671.33
2024-11-30,ORD-2135,63300.0,25.46,57029.08,111.53,6133.93
2024-11-28,ORD-2136,167550.0,67.38,151356.8,295.71,15830.11
2024-12-01,ORD-2137,78600.0,47.68,80748.36,209.08,-2405.12
2024-11-29,ORD-2138,159300.0,64.09,144776.1,281.12,14178.68
2024-11-29,ORD-2139,96900.0,38.94,88089.12,170.98,8600.97
2024-12-01,ORD-2140,86300.0,52.12,88293.03,228.53,-2273.68
2024-12-01,ORD-2141,54350.0,32.9,55913.13,144.12,-1740.15
2024-12-01,ORD-2142,62650.0,37.69,64207.94,165.45,-1761.08
2024-12-01,ORD-2143,129750.0,52.25,118516.72,228.85,10952.17
2024-12-02,ORD-2144,91400.0,54.98,94358.08,241.6,-3254.65
2024-12-02,ORD-2145,169950.0,68.21,155889.98,299.75,13692.06
2024-12-02,ORD-2146,77850.0,31.34,71774.56,137.25,5906.85
2024-12-02,ORD-2147,128850.0,51.76,118704.08,227.34,9866.82
2024-12-02,ORD-2148,87900.0,35.54,81160.46,155.14,6548.85
2024-12-03,ORD-2149,68700.0,27.8,63492.88,121.67,5057.66
2024-12-02,ORD-2150,70200.0,42.3,72982.31,185.86,-3010.46
2024-12-03,ORD-2151,108300.0,43.41,99794.24,190.8,8271.54
2024-12-03,ORD-2152,175650.0,70.65,162817.4,310.05,12451.91
2024-12-04,ORD-2153,80550.0,48.65,83972.21,213.14,-3684.0
2024-12-04,ORD-2154,55050.0,33.17,57575.0,146.08,-2704.26
2024-12-03,ORD-2155,41350.0,25.04,43233.22,109.75,-2018.01
2024-12-05,ORD-2156,76200.0,30.72,71155.2,134.91,4879.18
2024-12-04,ORD-2157,82050.0,33.15,76736.0,145.4,5135.46
2024-12-05,ORD-2158,169500.0,68.21,158355.2,300.05,10776.54
2024-12-06,ORD-2159,86450.0,52.36,91446.57,229.77,-5278.7
2024-12-07,ORD-2160,81750.0,32.81,76520.81,144.26,5052.12
2024-12-06,ORD-2161,92050.0,55.54,97122.56,243.68,-5371.78
2024-12-06,ORD-2162,67800.0,27.35,63627.19,120.03,4025.43
2024-12-08,ORD-2163,63750.0,38.43,67575.31,169.09,-4032.83
2024-12-08,ORD-2164,89650.0,54.2,94953.6,237.52,-5595.32
2024-12-07,ORD-2165,62350.0,37.67,65992.75,165.34,-3845.76
2024-12-07,ORD-2166,117000.0,47.03,110688.01,206.66,6058.3
2024-12-07,ORD-2167,81600.0,32.92,77184.74,144.27,4238.06
2024-12-08,ORD-2168,72000.0,29.29,68546.18,127.67,3296.86
2024-12-09,ORD-2169,105150.0,42.3,99832.82,185.87,5089.0
2024-12-09,ORD-2170,78100.0,47.23,84048.19,207.26,-6202.69
2024-12-11,ORD-2171,93900.0,38.0,89994.24,166.72,3701.05
2024-12-11,ORD-2172,76200.0,30.72,72852.48,134.74,3182.06
2024-12-11,ORD-2173,85200.0,51.48,91708.42,226.14,-6786.03
2024-12-10,ORD-2174,143100.0,57.61,137113.34,253.28,5675.76
2024-12-12,ORD-2175,51000.0,30.64,55074.82,135.18,-4240.63
2024-12-11,ORD-2176,46150.0,27.96,50019.12,122.71,-4019.8
2024-12-12,ORD-2177,97200.0,58.53,105448.99,257.69,-8565.22
2024-12-12,ORD-2178,109950.0,66.52,119386.41,292.26,-9795.2
2024-12-11,ORD-2179,63150.0,38.06,68552.65,167.58,-5608.28
2024-12-12,ORD-2180,137850.0,55.09,132531.52,243.07,5020.32
2024-12-13,ORD-2181,96150.0,38.72,92946.19,169.5,2995.59
2024-12-14,ORD-2182,66550.0,40.08,72315.61,175.86,-5981.55
2024-12-12,ORD-2183,124800.0,50.44,121032.74,220.9,3495.92
2024-12-12,ORD-2184,68100.0,41.06,74270.09,180.78,-6391.93
2024-12-14,ORD-2185,76500.0,46.11,84135.59,203.58,-7885.28
2024-12-15,ORD-2186,98300.0,59.27,107807.27,260.4,-9826.94
2024-12-15,ORD-2187,119850.0,48.14,117497.6,211.94,2092.32
2024-12-15,ORD-2188,76500.0,30.91,75198.46,135.62,1135.01
2024-12-16,ORD-2189,57900.0,34.98,64109.63,153.74,-6398.35
2024-12-15,ORD-2190,106200.0,42.94,104425.99,188.48,1542.59
2024-12-16,ORD-2191,55500.0,33.71,61576.09,147.65,-6257.45
2024-12-14,ORD-2192,131100.0,52.7,128659.87,232.38,2155.05
2024-12-17,ORD-2193,91500.0,55.58,102012.85,243.58,-10812.01
2024-12-16,ORD-2194,78400.0,47.38,87131.36,208.22,-8986.97
2024-12-16,ORD-2195,107500.0,64.89,119494.44,285.46,-12344.79
2024-12-16,ORD-2196,71850.0,28.88,71116.8,127.25,577.08
2024-12-18,ORD-2197,166950.0,67.1,165198.4,295.15,1389.35
2024-12-17,ORD-2198,88600.0,53.57,98896.8,235.56,-10585.94
2024-12-18,ORD-2199,65400.0,39.42,72839.16,173.45,-7652.02
2024-12-18,ORD-2200,95550.0,38.75,95257.01,169.26,84.98
2024-12-17,ORD-2201,89600.0,54.21,100847.21,238.51,-11539.93
2024-12-19,ORD-2202,66550.0,47.26,87877.94,208.06,-21583.26
2024-12-19,ORD-2203,82800.0,33.24,82287.74,146.14,332.88
2024-12-17,ORD-2204,165300.0,66.65,164724.56,292.88,215.91
2024-12-18,ORD-2205,130500.0,52.46,130656.99,231.21,-440.66
2024-12-19,ORD-2206,113950.0,68.78,128671.66,303.07,-15093.51
2024-12-20,ORD-2207,69300.0,28.0,69787.46,122.92,-638.37
2024-12-20,ORD-2208,128550.0,51.63,129347.44,227.88,-1076.95
2024-12-20,ORD-2209,73800.0,29.86,74299.58,130.9,-660.34
2024-12-19,ORD-2210,45050.0,27.12,50874.15,119.36,-5970.63
2024-12-22,ORD-2211,85450.0,51.54,97510.84,226.82,-12339.2
2024-12-22,ORD-2212,41000.0,24.77,46709.74,108.71,-5843.22
2024-12-20,ORD-2213,140700.0,56.69,142440.08,249.26,-2046.03
2024-12-22,ORD-2214,124500.0,49.97,126074.62,220.54,-1845.14
2024-12-20,ORD-2215,75300.0,30.44,76372.13,133.58,-1236.14
2024-12-22,ORD-2216,90650.0,54.61,104340.6,240.62,-13985.83
2024-12-22,ORD-2217,174450.0,70.02,178105.2,308.77,-4033.99
2024-12-21,ORD-2218,117850.0,70.98,135585.45,312.67,-18119.1
2024-12-24,ORD-2219,163800.0,65.94,168538.02,290.59,-5094.55
2024-12-23,ORD-2220,73950.0,29.93,76342.34,131.34,-2553.6
2024-12-24,ORD-2221,43850.0,32.57,62566.85,143.32,-18892.75
2024-12-22,ORD-2222,75450.0,30.54,77881.5,134.25,-2596.29
2024-12-23,ORD-2223,104100.0,62.87,121715.31,277.63,-17955.81
2024-12-24,ORD-2224,112700.0,67.75,131301.48,299.51,-18968.74
2024-12-24,ORD-2225,49250.0,29.77,57633.22,131.24,-8544.22
2024-12-24,ORD-2226,83300.0,50.1,97832.06,221.25,-14803.41
2024-12-25,ORD-2227,150300.0,60.46,156812.16,266.36,-6838.99
2024-12-26,ORD-2228,69300.0,28.01,72710.91,123.35,-3562.27
2024-12-26,ORD-2229,88400.0,53.25,104174.99,234.86,-16063.1
2024-12-25,ORD-2230,62600.0,37.75,73722.03,166.09,-11325.87
2024-12-28,ORD-2231,165450.0,66.63,174161.26,292.7,-9070.58
2024-12-26,ORD-2232,133050.0,53.57,140589.9,236.33,-7829.8
2024-12-27,ORD-2233,53900.0,32.65,63951.07,143.39,-10227.11
2024-12-28,ORD-2234,114600.0,46.13,121780.22,203.62,-7429.97
2024-12-29,ORD-2235,159150.0,64.08,168874.92,282.15,-10071.15
2024-12-29,ORD-2236,67350.0,27.07,71577.0,119.38,-4373.45
2024-12-30,ORD-2237,151200.0,60.52,160650.6,267.48,-9778.6
2024-12-29,ORD-2238,83950.0,50.9,100446.39,223.23,-16770.52
2024-12-29,ORD-2239,89850.0,54.24,107842.68,239.59,-18286.51
2024-12-28,ORD-2240,114000.0,46.13,121680.9,202.85,-7929.88
2024-12-30,ORD-2241,114300.0,69.22,137793.0,304.63,-23866.85
2024-12-29,ORD-2242,45950.0,27.86,55476.66,122.69,-9677.21
2024-12-30,ORD-2243,155550.0,62.66,166150.4,276.27,-10939.33
2024-12-30,ORD-2244,69100.0,41.99,83394.72,184.43,-14521.13
2024-12-31,ORD-2245,126450.0,50.98,135097.39,224.44,-8922.81
2024-12-30,ORD-2246,115050.0,69.33,138658.91,305.87,-23984.1
2025-01-01,ORD-2247,121200.0,48.64,129923.17,214.49,-8986.29
2025-01-02,ORD-2248,94200.0,38.01,101301.48,167.47,-7306.96
2025-01-02,ORD-2249,65350.0,39.42,79511.49,173.7,-14374.61
2025-01-01,ORD-2250,99600.0,39.92,107713.51,176.42,-8329.85
2025-01-01,ORD-2251,113900.0,68.93,138887.35,303.57,-25359.85
2025-01-02,ORD-2252,109600.0,66.17,134138.4,291.95,-24896.52
2025-01-03,ORD-2253,115450.0,69.7,141455.04,307.9,-26382.64
2025-01-04,ORD-2254,91600.0,65.1,132004.38,287.11,-40756.59
2025-01-04,ORD-2255,68300.0,41.23,83977.18,181.78,-15900.19
2025-01-05,ORD-2256,76150.0,45.83,93900.08,203.06,-17998.97
2025-01-04,ORD-2257,77250.0,30.98,84283.44,136.72,-7201.14
2025-01-04,ORD-2258,96250.0,58.03,118339.83,256.04,-22403.89
2025-01-04,ORD-2259,76850.0,46.37,94648.5,204.22,-18049.09
2025-01-04,ORD-2260,91750.0,55.15,112914.0,243.7,-21462.84
2025-01-05,ORD-2261,95700.0,38.56,105192.18,169.62,-9700.36
2025-01-06,ORD-2262,86900.0,52.4,107661.48,231.37,-21045.25
2025-01-06,ORD-2263,154200.0,61.73,169558.6,273.23,-15693.55
2025-01-06,ORD-2264,47200.0,28.71,58769.34,126.31,-11724.36
